<?xml version="1.0" encoding="UTF-8"?>
<gpx version="1.1" creator="Matsue Kart" xmlns="http://www.topografix.com/GPX/1/1">
  <metadata><name>松江グランプリ コース</name><desc>1周 9637m</desc></metadata>
  <wpt lat="35.464631" lon="133.062531"><name>松江駅</name></wpt>
  <wpt lat="35.467504" lon="133.065212"><name>くにびき大橋</name></wpt>
  <wpt lat="35.472007" lon="133.051978"><name>島根県庁</name></wpt>
  <wpt lat="35.474386" lon="133.054422"><name>松江城</name></wpt>
  <wpt lat="35.479086" lon="133.048997"><name>塩見縄手</name></wpt>
  <wpt lat="35.467159" lon="133.048274"><name>松江市役所</name></wpt>
  <wpt lat="35.466695" lon="133.052243"><name>宍道湖大橋</name></wpt>
  <wpt lat="35.455992" lon="133.049809"><name>宍道湖夕日スポット</name></wpt>
  <trk><name>松江グランプリ コース</name><trkseg>
    <trkpt lat="35.464631" lon="133.062531"/>
    <trkpt lat="35.464637" lon="133.062575"/>
    <trkpt lat="35.464642" lon="133.062618"/>
    <trkpt lat="35.464649" lon="133.062661"/>
    <trkpt lat="35.464655" lon="133.062705"/>
    <trkpt lat="35.464661" lon="133.062748"/>
    <trkpt lat="35.464668" lon="133.062792"/>
    <trkpt lat="35.464673" lon="133.062835"/>
    <trkpt lat="35.464679" lon="133.062879"/>
    <trkpt lat="35.464685" lon="133.062922"/>
    <trkpt lat="35.464691" lon="133.062965"/>
    <trkpt lat="35.464697" lon="133.06301"/>
    <trkpt lat="35.464703" lon="133.063053"/>
    <trkpt lat="35.464709" lon="133.063097"/>
    <trkpt lat="35.464714" lon="133.06314"/>
    <trkpt lat="35.464721" lon="133.063184"/>
    <trkpt lat="35.464726" lon="133.063227"/>
    <trkpt lat="35.464732" lon="133.063271"/>
    <trkpt lat="35.464737" lon="133.063314"/>
    <trkpt lat="35.464742" lon="133.063358"/>
    <trkpt lat="35.464749" lon="133.063401"/>
    <trkpt lat="35.464754" lon="133.063445"/>
    <trkpt lat="35.464759" lon="133.063488"/>
    <trkpt lat="35.464765" lon="133.063532"/>
    <trkpt lat="35.46477" lon="133.063575"/>
    <trkpt lat="35.464776" lon="133.063619"/>
    <trkpt lat="35.464781" lon="133.063664"/>
    <trkpt lat="35.464786" lon="133.063707"/>
    <trkpt lat="35.464792" lon="133.063751"/>
    <trkpt lat="35.464796" lon="133.063794"/>
    <trkpt lat="35.464801" lon="133.063838"/>
    <trkpt lat="35.464805" lon="133.063882"/>
    <trkpt lat="35.464808" lon="133.063926"/>
    <trkpt lat="35.464812" lon="133.063969"/>
    <trkpt lat="35.464814" lon="133.064013"/>
    <trkpt lat="35.464817" lon="133.064057"/>
    <trkpt lat="35.464821" lon="133.064101"/>
    <trkpt lat="35.464823" lon="133.064146"/>
    <trkpt lat="35.464828" lon="133.06419"/>
    <trkpt lat="35.464832" lon="133.064233"/>
    <trkpt lat="35.464836" lon="133.064277"/>
    <trkpt lat="35.464841" lon="133.064321"/>
    <trkpt lat="35.464847" lon="133.064364"/>
    <trkpt lat="35.464852" lon="133.064408"/>
    <trkpt lat="35.464858" lon="133.064451"/>
    <trkpt lat="35.464863" lon="133.064495"/>
    <trkpt lat="35.464868" lon="133.064538"/>
    <trkpt lat="35.464874" lon="133.064582"/>
    <trkpt lat="35.464879" lon="133.064625"/>
    <trkpt lat="35.464885" lon="133.064669"/>
    <trkpt lat="35.464891" lon="133.064712"/>
    <trkpt lat="35.464896" lon="133.064757"/>
    <trkpt lat="35.464903" lon="133.0648"/>
    <trkpt lat="35.464911" lon="133.064843"/>
    <trkpt lat="35.464922" lon="133.064886"/>
    <trkpt lat="35.464935" lon="133.064925"/>
    <trkpt lat="35.464954" lon="133.064964"/>
    <trkpt lat="35.464978" lon="133.064996"/>
    <trkpt lat="35.465006" lon="133.065022"/>
    <trkpt lat="35.46504" lon="133.065041"/>
    <trkpt lat="35.465074" lon="133.065053"/>
    <trkpt lat="35.465109" lon="133.065061"/>
    <trkpt lat="35.465145" lon="133.065064"/>
    <trkpt lat="35.465181" lon="133.065067"/>
    <trkpt lat="35.465217" lon="133.065068"/>
    <trkpt lat="35.465253" lon="133.065068"/>
    <trkpt lat="35.465289" lon="133.065069"/>
    <trkpt lat="35.465325" lon="133.06507"/>
    <trkpt lat="35.465362" lon="133.065071"/>
    <trkpt lat="35.465398" lon="133.065073"/>
    <trkpt lat="35.465434" lon="133.065075"/>
    <trkpt lat="35.46547" lon="133.065079"/>
    <trkpt lat="35.465506" lon="133.065081"/>
    <trkpt lat="35.465542" lon="133.065084"/>
    <trkpt lat="35.465578" lon="133.065086"/>
    <trkpt lat="35.465614" lon="133.065087"/>
    <trkpt lat="35.46565" lon="133.065089"/>
    <trkpt lat="35.465686" lon="133.06509"/>
    <trkpt lat="35.465722" lon="133.065091"/>
    <trkpt lat="35.465758" lon="133.065092"/>
    <trkpt lat="35.465794" lon="133.065093"/>
    <trkpt lat="35.46583" lon="133.065095"/>
    <trkpt lat="35.465866" lon="133.065097"/>
    <trkpt lat="35.465901" lon="133.065101"/>
    <trkpt lat="35.465937" lon="133.065103"/>
    <trkpt lat="35.465974" lon="133.065106"/>
    <trkpt lat="35.46601" lon="133.065108"/>
    <trkpt lat="35.466046" lon="133.065111"/>
    <trkpt lat="35.466082" lon="133.065113"/>
    <trkpt lat="35.466118" lon="133.065115"/>
    <trkpt lat="35.466154" lon="133.065117"/>
    <trkpt lat="35.46619" lon="133.065119"/>
    <trkpt lat="35.466226" lon="133.065123"/>
    <trkpt lat="35.466262" lon="133.065125"/>
    <trkpt lat="35.466298" lon="133.065128"/>
    <trkpt lat="35.466334" lon="133.065131"/>
    <trkpt lat="35.46637" lon="133.065133"/>
    <trkpt lat="35.466406" lon="133.065135"/>
    <trkpt lat="35.466442" lon="133.065137"/>
    <trkpt lat="35.466478" lon="133.065139"/>
    <trkpt lat="35.466513" lon="133.065142"/>
    <trkpt lat="35.466549" lon="133.065145"/>
    <trkpt lat="35.466585" lon="133.065147"/>
    <trkpt lat="35.466622" lon="133.06515"/>
    <trkpt lat="35.466658" lon="133.065153"/>
    <trkpt lat="35.466694" lon="133.065155"/>
    <trkpt lat="35.46673" lon="133.065156"/>
    <trkpt lat="35.466766" lon="133.065158"/>
    <trkpt lat="35.466802" lon="133.06516"/>
    <trkpt lat="35.466838" lon="133.065162"/>
    <trkpt lat="35.466874" lon="133.065165"/>
    <trkpt lat="35.46691" lon="133.065168"/>
    <trkpt lat="35.466946" lon="133.065171"/>
    <trkpt lat="35.466982" lon="133.065174"/>
    <trkpt lat="35.467018" lon="133.065177"/>
    <trkpt lat="35.467053" lon="133.06518"/>
    <trkpt lat="35.467089" lon="133.065182"/>
    <trkpt lat="35.467125" lon="133.065186"/>
    <trkpt lat="35.467161" lon="133.065189"/>
    <trkpt lat="35.467197" lon="133.065191"/>
    <trkpt lat="35.467234" lon="133.065194"/>
    <trkpt lat="35.46727" lon="133.065197"/>
    <trkpt lat="35.467306" lon="133.065199"/>
    <trkpt lat="35.467342" lon="133.065201"/>
    <trkpt lat="35.467378" lon="133.065203"/>
    <trkpt lat="35.467414" lon="133.065206"/>
    <trkpt lat="35.46745" lon="133.065208"/>
    <trkpt lat="35.467486" lon="133.065211"/>
    <trkpt lat="35.467522" lon="133.065213"/>
    <trkpt lat="35.467557" lon="133.065217"/>
    <trkpt lat="35.467593" lon="133.065219"/>
    <trkpt lat="35.467629" lon="133.065222"/>
    <trkpt lat="35.467665" lon="133.065224"/>
    <trkpt lat="35.467701" lon="133.065226"/>
    <trkpt lat="35.467737" lon="133.06523"/>
    <trkpt lat="35.467773" lon="133.065233"/>
    <trkpt lat="35.467809" lon="133.065235"/>
    <trkpt lat="35.467846" lon="133.065239"/>
    <trkpt lat="35.467882" lon="133.065241"/>
    <trkpt lat="35.467918" lon="133.065243"/>
    <trkpt lat="35.467954" lon="133.065245"/>
    <trkpt lat="35.46799" lon="133.065247"/>
    <trkpt lat="35.468026" lon="133.06525"/>
    <trkpt lat="35.468061" lon="133.065252"/>
    <trkpt lat="35.468097" lon="133.065255"/>
    <trkpt lat="35.468133" lon="133.065257"/>
    <trkpt lat="35.468169" lon="133.065261"/>
    <trkpt lat="35.468205" lon="133.065263"/>
    <trkpt lat="35.468241" lon="133.065265"/>
    <trkpt lat="35.468277" lon="133.065267"/>
    <trkpt lat="35.468313" lon="133.065269"/>
    <trkpt lat="35.468349" lon="133.065273"/>
    <trkpt lat="35.468385" lon="133.065275"/>
    <trkpt lat="35.468421" lon="133.065278"/>
    <trkpt lat="35.468458" lon="133.065281"/>
    <trkpt lat="35.468494" lon="133.065283"/>
    <trkpt lat="35.46853" lon="133.065285"/>
    <trkpt lat="35.468566" lon="133.065286"/>
    <trkpt lat="35.468602" lon="133.065287"/>
    <trkpt lat="35.468638" lon="133.065288"/>
    <trkpt lat="35.468674" lon="133.065288"/>
    <trkpt lat="35.46871" lon="133.065289"/>
    <trkpt lat="35.468746" lon="133.06529"/>
    <trkpt lat="35.468782" lon="133.065293"/>
    <trkpt lat="35.468817" lon="133.065295"/>
    <trkpt lat="35.468853" lon="133.065297"/>
    <trkpt lat="35.468889" lon="133.0653"/>
    <trkpt lat="35.468925" lon="133.065303"/>
    <trkpt lat="35.468961" lon="133.065305"/>
    <trkpt lat="35.468997" lon="133.065307"/>
    <trkpt lat="35.469033" lon="133.065308"/>
    <trkpt lat="35.469069" lon="133.065309"/>
    <trkpt lat="35.469106" lon="133.06531"/>
    <trkpt lat="35.469142" lon="133.06531"/>
    <trkpt lat="35.469178" lon="133.065311"/>
    <trkpt lat="35.469214" lon="133.065311"/>
    <trkpt lat="35.46925" lon="133.065311"/>
    <trkpt lat="35.469286" lon="133.06531"/>
    <trkpt lat="35.469322" lon="133.06531"/>
    <trkpt lat="35.469358" lon="133.065308"/>
    <trkpt lat="35.469394" lon="133.065306"/>
    <trkpt lat="35.46943" lon="133.065304"/>
    <trkpt lat="35.469466" lon="133.0653"/>
    <trkpt lat="35.469502" lon="133.065297"/>
    <trkpt lat="35.469538" lon="133.065294"/>
    <trkpt lat="35.469574" lon="133.065292"/>
    <trkpt lat="35.469609" lon="133.065288"/>
    <trkpt lat="35.469645" lon="133.065285"/>
    <trkpt lat="35.469681" lon="133.065283"/>
    <trkpt lat="35.469718" lon="133.065279"/>
    <trkpt lat="35.469754" lon="133.065276"/>
    <trkpt lat="35.46979" lon="133.065272"/>
    <trkpt lat="35.469826" lon="133.065268"/>
    <trkpt lat="35.469862" lon="133.065264"/>
    <trkpt lat="35.469897" lon="133.06526"/>
    <trkpt lat="35.469933" lon="133.065255"/>
    <trkpt lat="35.469969" lon="133.065251"/>
    <trkpt lat="35.470005" lon="133.065246"/>
    <trkpt lat="35.470041" lon="133.065241"/>
    <trkpt lat="35.470076" lon="133.065235"/>
    <trkpt lat="35.470112" lon="133.06523"/>
    <trkpt lat="35.470148" lon="133.065224"/>
    <trkpt lat="35.470184" lon="133.065219"/>
    <trkpt lat="35.47022" lon="133.065212"/>
    <trkpt lat="35.470255" lon="133.065206"/>
    <trkpt lat="35.470291" lon="133.065198"/>
    <trkpt lat="35.470326" lon="133.065189"/>
    <trkpt lat="35.470361" lon="133.065179"/>
    <trkpt lat="35.470395" lon="133.065165"/>
    <trkpt lat="35.470428" lon="133.065147"/>
    <trkpt lat="35.470458" lon="133.065124"/>
    <trkpt lat="35.470485" lon="133.065095"/>
    <trkpt lat="35.470508" lon="133.06506"/>
    <trkpt lat="35.470524" lon="133.065021"/>
    <trkpt lat="35.470537" lon="133.064979"/>
    <trkpt lat="35.470545" lon="133.064936"/>
    <trkpt lat="35.470551" lon="133.064893"/>
    <trkpt lat="35.470556" lon="133.064849"/>
    <trkpt lat="35.470559" lon="133.064805"/>
    <trkpt lat="35.470562" lon="133.064762"/>
    <trkpt lat="35.470565" lon="133.064718"/>
    <trkpt lat="35.470567" lon="133.064674"/>
    <trkpt lat="35.47057" lon="133.06463"/>
    <trkpt lat="35.470574" lon="133.064586"/>
    <trkpt lat="35.470576" lon="133.064542"/>
    <trkpt lat="35.470579" lon="133.064497"/>
    <trkpt lat="35.470582" lon="133.064453"/>
    <trkpt lat="35.470585" lon="133.064409"/>
    <trkpt lat="35.470587" lon="133.064366"/>
    <trkpt lat="35.47059" lon="133.064322"/>
    <trkpt lat="35.470593" lon="133.064278"/>
    <trkpt lat="35.470596" lon="133.064234"/>
    <trkpt lat="35.470599" lon="133.06419"/>
    <trkpt lat="35.470602" lon="133.064146"/>
    <trkpt lat="35.470604" lon="133.064101"/>
    <trkpt lat="35.470608" lon="133.064057"/>
    <trkpt lat="35.470611" lon="133.064014"/>
    <trkpt lat="35.470613" lon="133.06397"/>
    <trkpt lat="35.470616" lon="133.063926"/>
    <trkpt lat="35.470618" lon="133.063882"/>
    <trkpt lat="35.470621" lon="133.063838"/>
    <trkpt lat="35.470623" lon="133.063794"/>
    <trkpt lat="35.470626" lon="133.06375"/>
    <trkpt lat="35.470629" lon="133.063706"/>
    <trkpt lat="35.470631" lon="133.063661"/>
    <trkpt lat="35.470633" lon="133.063618"/>
    <trkpt lat="35.470636" lon="133.063574"/>
    <trkpt lat="35.470639" lon="133.06353"/>
    <trkpt lat="35.470642" lon="133.063486"/>
    <trkpt lat="35.470645" lon="133.063442"/>
    <trkpt lat="35.470649" lon="133.063398"/>
    <trkpt lat="35.470652" lon="133.063354"/>
    <trkpt lat="35.470657" lon="133.063311"/>
    <trkpt lat="35.470661" lon="133.063267"/>
    <trkpt lat="35.470665" lon="133.063222"/>
    <trkpt lat="35.470669" lon="133.063179"/>
    <trkpt lat="35.470675" lon="133.063135"/>
    <trkpt lat="35.470679" lon="133.063091"/>
    <trkpt lat="35.470686" lon="133.063048"/>
    <trkpt lat="35.470691" lon="133.063004"/>
    <trkpt lat="35.470697" lon="133.062961"/>
    <trkpt lat="35.470704" lon="133.062918"/>
    <trkpt lat="35.470708" lon="133.062874"/>
    <trkpt lat="35.470713" lon="133.06283"/>
    <trkpt lat="35.470715" lon="133.062786"/>
    <trkpt lat="35.470716" lon="133.062742"/>
    <trkpt lat="35.470716" lon="133.062697"/>
    <trkpt lat="35.470715" lon="133.062653"/>
    <trkpt lat="35.470713" lon="133.062609"/>
    <trkpt lat="35.470712" lon="133.062565"/>
    <trkpt lat="35.470709" lon="133.062522"/>
    <trkpt lat="35.470707" lon="133.062478"/>
    <trkpt lat="35.470704" lon="133.062434"/>
    <trkpt lat="35.470703" lon="133.06239"/>
    <trkpt lat="35.4707" lon="133.062346"/>
    <trkpt lat="35.470698" lon="133.062301"/>
    <trkpt lat="35.470695" lon="133.062257"/>
    <trkpt lat="35.470694" lon="133.062213"/>
    <trkpt lat="35.470693" lon="133.062169"/>
    <trkpt lat="35.470691" lon="133.062125"/>
    <trkpt lat="35.470691" lon="133.062081"/>
    <trkpt lat="35.47069" lon="133.062037"/>
    <trkpt lat="35.47069" lon="133.061993"/>
    <trkpt lat="35.47069" lon="133.061949"/>
    <trkpt lat="35.470691" lon="133.061904"/>
    <trkpt lat="35.470692" lon="133.06186"/>
    <trkpt lat="35.470694" lon="133.061816"/>
    <trkpt lat="35.470696" lon="133.061772"/>
    <trkpt lat="35.4707" lon="133.061728"/>
    <trkpt lat="35.470704" lon="133.061685"/>
    <trkpt lat="35.470708" lon="133.061641"/>
    <trkpt lat="35.470712" lon="133.061597"/>
    <trkpt lat="35.470716" lon="133.061553"/>
    <trkpt lat="35.470719" lon="133.06151"/>
    <trkpt lat="35.470722" lon="133.061465"/>
    <trkpt lat="35.470723" lon="133.061421"/>
    <trkpt lat="35.470725" lon="133.061377"/>
    <trkpt lat="35.470725" lon="133.061333"/>
    <trkpt lat="35.470725" lon="133.061289"/>
    <trkpt lat="35.470724" lon="133.061245"/>
    <trkpt lat="35.470722" lon="133.061201"/>
    <trkpt lat="35.470721" lon="133.061157"/>
    <trkpt lat="35.470719" lon="133.061113"/>
    <trkpt lat="35.470716" lon="133.061068"/>
    <trkpt lat="35.470713" lon="133.061024"/>
    <trkpt lat="35.470712" lon="133.06098"/>
    <trkpt lat="35.470709" lon="133.060936"/>
    <trkpt lat="35.470706" lon="133.060892"/>
    <trkpt lat="35.470703" lon="133.060849"/>
    <trkpt lat="35.470698" lon="133.060805"/>
    <trkpt lat="35.470693" lon="133.060761"/>
    <trkpt lat="35.470687" lon="133.060718"/>
    <trkpt lat="35.470681" lon="133.060674"/>
    <trkpt lat="35.470675" lon="133.060631"/>
    <trkpt lat="35.470669" lon="133.060588"/>
    <trkpt lat="35.470664" lon="133.060543"/>
    <trkpt lat="35.47066" lon="133.060499"/>
    <trkpt lat="35.470657" lon="133.060455"/>
    <trkpt lat="35.470654" lon="133.060411"/>
    <trkpt lat="35.470652" lon="133.060368"/>
    <trkpt lat="35.47065" lon="133.060324"/>
    <trkpt lat="35.470648" lon="133.06028"/>
    <trkpt lat="35.470645" lon="133.060236"/>
    <trkpt lat="35.470643" lon="133.060192"/>
    <trkpt lat="35.47064" lon="133.060147"/>
    <trkpt lat="35.470638" lon="133.060103"/>
    <trkpt lat="35.470635" lon="133.060059"/>
    <trkpt lat="35.470632" lon="133.060015"/>
    <trkpt lat="35.470631" lon="133.059971"/>
    <trkpt lat="35.470628" lon="133.059927"/>
    <trkpt lat="35.470625" lon="133.059884"/>
    <trkpt lat="35.470622" lon="133.05984"/>
    <trkpt lat="35.470621" lon="133.059796"/>
    <trkpt lat="35.470619" lon="133.059751"/>
    <trkpt lat="35.470616" lon="133.059707"/>
    <trkpt lat="35.470613" lon="133.059663"/>
    <trkpt lat="35.470611" lon="133.059619"/>
    <trkpt lat="35.470607" lon="133.059575"/>
    <trkpt lat="35.470604" lon="133.059532"/>
    <trkpt lat="35.470599" lon="133.059488"/>
    <trkpt lat="35.470594" lon="133.059444"/>
    <trkpt lat="35.470587" lon="133.059401"/>
    <trkpt lat="35.47058" lon="133.059358"/>
    <trkpt lat="35.470572" lon="133.059315"/>
    <trkpt lat="35.470562" lon="133.059272"/>
    <trkpt lat="35.470552" lon="133.05923"/>
    <trkpt lat="35.47054" lon="133.059188"/>
    <trkpt lat="35.470529" lon="133.059146"/>
    <trkpt lat="35.470515" lon="133.059105"/>
    <trkpt lat="35.470501" lon="133.059064"/>
    <trkpt lat="35.470486" lon="133.059025"/>
    <trkpt lat="35.47047" lon="133.058985"/>
    <trkpt lat="35.470454" lon="133.058945"/>
    <trkpt lat="35.470437" lon="133.058907"/>
    <trkpt lat="35.470419" lon="133.058869"/>
    <trkpt lat="35.4704" lon="133.058831"/>
    <trkpt lat="35.470382" lon="133.058793"/>
    <trkpt lat="35.470363" lon="133.058754"/>
    <trkpt lat="35.470346" lon="133.058717"/>
    <trkpt lat="35.470329" lon="133.058677"/>
    <trkpt lat="35.470312" lon="133.058638"/>
    <trkpt lat="35.470298" lon="133.058598"/>
    <trkpt lat="35.470286" lon="133.058556"/>
    <trkpt lat="35.470276" lon="133.058514"/>
    <trkpt lat="35.470269" lon="133.05847"/>
    <trkpt lat="35.470265" lon="133.058427"/>
    <trkpt lat="35.470261" lon="133.058383"/>
    <trkpt lat="35.470259" lon="133.058339"/>
    <trkpt lat="35.470258" lon="133.058295"/>
    <trkpt lat="35.470258" lon="133.05825"/>
    <trkpt lat="35.470259" lon="133.058206"/>
    <trkpt lat="35.470261" lon="133.058162"/>
    <trkpt lat="35.470263" lon="133.058118"/>
    <trkpt lat="35.470265" lon="133.058074"/>
    <trkpt lat="35.470267" lon="133.05803"/>
    <trkpt lat="35.470269" lon="133.057986"/>
    <trkpt lat="35.470271" lon="133.057942"/>
    <trkpt lat="35.470272" lon="133.057897"/>
    <trkpt lat="35.470273" lon="133.057853"/>
    <trkpt lat="35.470272" lon="133.057809"/>
    <trkpt lat="35.470271" lon="133.057765"/>
    <trkpt lat="35.470269" lon="133.057721"/>
    <trkpt lat="35.470267" lon="133.057678"/>
    <trkpt lat="35.470265" lon="133.057634"/>
    <trkpt lat="35.470262" lon="133.05759"/>
    <trkpt lat="35.470259" lon="133.057546"/>
    <trkpt lat="35.470257" lon="133.057501"/>
    <trkpt lat="35.470254" lon="133.057457"/>
    <trkpt lat="35.47025" lon="133.057413"/>
    <trkpt lat="35.470247" lon="133.057369"/>
    <trkpt lat="35.470243" lon="133.057326"/>
    <trkpt lat="35.470238" lon="133.057282"/>
    <trkpt lat="35.470234" lon="133.057238"/>
    <trkpt lat="35.470229" lon="133.057195"/>
    <trkpt lat="35.470224" lon="133.057151"/>
    <trkpt lat="35.47022" lon="133.057107"/>
    <trkpt lat="35.470215" lon="133.057064"/>
    <trkpt lat="35.470211" lon="133.05702"/>
    <trkpt lat="35.470206" lon="133.056975"/>
    <trkpt lat="35.470201" lon="133.056932"/>
    <trkpt lat="35.470196" lon="133.056888"/>
    <trkpt lat="35.470191" lon="133.056844"/>
    <trkpt lat="35.470185" lon="133.056801"/>
    <trkpt lat="35.470179" lon="133.056757"/>
    <trkpt lat="35.470174" lon="133.056714"/>
    <trkpt lat="35.470166" lon="133.056671"/>
    <trkpt lat="35.47016" lon="133.056627"/>
    <trkpt lat="35.470155" lon="133.056584"/>
    <trkpt lat="35.470149" lon="133.05654"/>
    <trkpt lat="35.470144" lon="133.056497"/>
    <trkpt lat="35.47014" lon="133.056453"/>
    <trkpt lat="35.470137" lon="133.056408"/>
    <trkpt lat="35.470135" lon="133.056364"/>
    <trkpt lat="35.470133" lon="133.05632"/>
    <trkpt lat="35.470132" lon="133.056276"/>
    <trkpt lat="35.470131" lon="133.056232"/>
    <trkpt lat="35.470131" lon="133.056188"/>
    <trkpt lat="35.470131" lon="133.056144"/>
    <trkpt lat="35.470131" lon="133.0561"/>
    <trkpt lat="35.470131" lon="133.056056"/>
    <trkpt lat="35.470131" lon="133.056011"/>
    <trkpt lat="35.470131" lon="133.055967"/>
    <trkpt lat="35.470131" lon="133.055923"/>
    <trkpt lat="35.470131" lon="133.055879"/>
    <trkpt lat="35.470131" lon="133.055835"/>
    <trkpt lat="35.470131" lon="133.055791"/>
    <trkpt lat="35.470131" lon="133.055747"/>
    <trkpt lat="35.470131" lon="133.055703"/>
    <trkpt lat="35.47013" lon="133.055658"/>
    <trkpt lat="35.47013" lon="133.055614"/>
    <trkpt lat="35.470129" lon="133.05557"/>
    <trkpt lat="35.470128" lon="133.055526"/>
    <trkpt lat="35.470126" lon="133.055482"/>
    <trkpt lat="35.470123" lon="133.055438"/>
    <trkpt lat="35.470121" lon="133.055395"/>
    <trkpt lat="35.470119" lon="133.055351"/>
    <trkpt lat="35.470117" lon="133.055307"/>
    <trkpt lat="35.470116" lon="133.055263"/>
    <trkpt lat="35.470115" lon="133.055218"/>
    <trkpt lat="35.470115" lon="133.055174"/>
    <trkpt lat="35.470116" lon="133.05513"/>
    <trkpt lat="35.470117" lon="133.055086"/>
    <trkpt lat="35.470119" lon="133.055042"/>
    <trkpt lat="35.470121" lon="133.054998"/>
    <trkpt lat="35.470123" lon="133.054954"/>
    <trkpt lat="35.470126" lon="133.05491"/>
    <trkpt lat="35.470128" lon="133.054865"/>
    <trkpt lat="35.470129" lon="133.054821"/>
    <trkpt lat="35.47013" lon="133.054777"/>
    <trkpt lat="35.470131" lon="133.054733"/>
    <trkpt lat="35.470133" lon="133.054689"/>
    <trkpt lat="35.470134" lon="133.054645"/>
    <trkpt lat="35.470136" lon="133.054601"/>
    <trkpt lat="35.470138" lon="133.054557"/>
    <trkpt lat="35.47014" lon="133.054513"/>
    <trkpt lat="35.470142" lon="133.05447"/>
    <trkpt lat="35.470145" lon="133.054425"/>
    <trkpt lat="35.470147" lon="133.054381"/>
    <trkpt lat="35.470148" lon="133.054337"/>
    <trkpt lat="35.470149" lon="133.054293"/>
    <trkpt lat="35.470151" lon="133.054249"/>
    <trkpt lat="35.470153" lon="133.054205"/>
    <trkpt lat="35.470155" lon="133.054161"/>
    <trkpt lat="35.470157" lon="133.054117"/>
    <trkpt lat="35.470159" lon="133.054072"/>
    <trkpt lat="35.470162" lon="133.054028"/>
    <trkpt lat="35.470164" lon="133.053984"/>
    <trkpt lat="35.470165" lon="133.05394"/>
    <trkpt lat="35.470167" lon="133.053896"/>
    <trkpt lat="35.470169" lon="133.053852"/>
    <trkpt lat="35.470171" lon="133.053808"/>
    <trkpt lat="35.470173" lon="133.053764"/>
    <trkpt lat="35.470175" lon="133.05372"/>
    <trkpt lat="35.470177" lon="133.053677"/>
    <trkpt lat="35.47018" lon="133.053632"/>
    <trkpt lat="35.470182" lon="133.053588"/>
    <trkpt lat="35.470184" lon="133.053544"/>
    <trkpt lat="35.470185" lon="133.0535"/>
    <trkpt lat="35.470188" lon="133.053456"/>
    <trkpt lat="35.47019" lon="133.053412"/>
    <trkpt lat="35.470192" lon="133.053368"/>
    <trkpt lat="35.470194" lon="133.053324"/>
    <trkpt lat="35.470196" lon="133.053279"/>
    <trkpt lat="35.470199" lon="133.053235"/>
    <trkpt lat="35.470201" lon="133.053191"/>
    <trkpt lat="35.470202" lon="133.053147"/>
    <trkpt lat="35.470204" lon="133.053103"/>
    <trkpt lat="35.470207" lon="133.05306"/>
    <trkpt lat="35.470209" lon="133.053016"/>
    <trkpt lat="35.470211" lon="133.052972"/>
    <trkpt lat="35.470213" lon="133.052928"/>
    <trkpt lat="35.470216" lon="133.052883"/>
    <trkpt lat="35.470219" lon="133.052839"/>
    <trkpt lat="35.470222" lon="133.052795"/>
    <trkpt lat="35.470225" lon="133.052751"/>
    <trkpt lat="35.470228" lon="133.052707"/>
    <trkpt lat="35.47023" lon="133.052663"/>
    <trkpt lat="35.470232" lon="133.05262"/>
    <trkpt lat="35.470235" lon="133.052576"/>
    <trkpt lat="35.470237" lon="133.052532"/>
    <trkpt lat="35.470238" lon="133.052488"/>
    <trkpt lat="35.47024" lon="133.052443"/>
    <trkpt lat="35.470243" lon="133.052399"/>
    <trkpt lat="35.470245" lon="133.052355"/>
    <trkpt lat="35.470247" lon="133.052311"/>
    <trkpt lat="35.47025" lon="133.052267"/>
    <trkpt lat="35.470255" lon="133.052223"/>
    <trkpt lat="35.470261" lon="133.05218"/>
    <trkpt lat="35.470269" lon="133.052137"/>
    <trkpt lat="35.470283" lon="133.052096"/>
    <trkpt lat="35.470301" lon="133.052057"/>
    <trkpt lat="35.470325" lon="133.052025"/>
    <trkpt lat="35.470355" lon="133.052001"/>
    <trkpt lat="35.470387" lon="133.051982"/>
    <trkpt lat="35.470422" lon="133.05197"/>
    <trkpt lat="35.470458" lon="133.051963"/>
    <trkpt lat="35.470494" lon="133.051956"/>
    <trkpt lat="35.47053" lon="133.051953"/>
    <trkpt lat="35.470565" lon="133.051949"/>
    <trkpt lat="35.470601" lon="133.051947"/>
    <trkpt lat="35.470637" lon="133.051945"/>
    <trkpt lat="35.470673" lon="133.051944"/>
    <trkpt lat="35.470709" lon="133.051943"/>
    <trkpt lat="35.470745" lon="133.051943"/>
    <trkpt lat="35.470781" lon="133.051943"/>
    <trkpt lat="35.470817" lon="133.051943"/>
    <trkpt lat="35.470853" lon="133.051943"/>
    <trkpt lat="35.470889" lon="133.051943"/>
    <trkpt lat="35.470925" lon="133.051943"/>
    <trkpt lat="35.470961" lon="133.051943"/>
    <trkpt lat="35.470997" lon="133.051943"/>
    <trkpt lat="35.471033" lon="133.051943"/>
    <trkpt lat="35.471069" lon="133.051943"/>
    <trkpt lat="35.471106" lon="133.051943"/>
    <trkpt lat="35.471142" lon="133.051943"/>
    <trkpt lat="35.471178" lon="133.051943"/>
    <trkpt lat="35.471214" lon="133.051943"/>
    <trkpt lat="35.47125" lon="133.051943"/>
    <trkpt lat="35.471286" lon="133.051944"/>
    <trkpt lat="35.471322" lon="133.051944"/>
    <trkpt lat="35.471358" lon="133.051945"/>
    <trkpt lat="35.471394" lon="133.051947"/>
    <trkpt lat="35.47143" lon="133.051949"/>
    <trkpt lat="35.471466" lon="133.051952"/>
    <trkpt lat="35.471502" lon="133.051955"/>
    <trkpt lat="35.471538" lon="133.051957"/>
    <trkpt lat="35.471574" lon="133.051959"/>
    <trkpt lat="35.47161" lon="133.051961"/>
    <trkpt lat="35.471646" lon="133.051963"/>
    <trkpt lat="35.471682" lon="133.051964"/>
    <trkpt lat="35.471718" lon="133.051965"/>
    <trkpt lat="35.471754" lon="133.051965"/>
    <trkpt lat="35.471791" lon="133.051966"/>
    <trkpt lat="35.471827" lon="133.051967"/>
    <trkpt lat="35.471863" lon="133.051968"/>
    <trkpt lat="35.471899" lon="133.05197"/>
    <trkpt lat="35.471935" lon="133.051972"/>
    <trkpt lat="35.471971" lon="133.051975"/>
    <trkpt lat="35.472007" lon="133.051978"/>
    <trkpt lat="35.472043" lon="133.051981"/>
    <trkpt lat="35.472078" lon="133.051983"/>
    <trkpt lat="35.472114" lon="133.051987"/>
    <trkpt lat="35.47215" lon="133.05199"/>
    <trkpt lat="35.472186" lon="133.051992"/>
    <trkpt lat="35.472222" lon="133.051996"/>
    <trkpt lat="35.472258" lon="133.051999"/>
    <trkpt lat="35.472294" lon="133.052002"/>
    <trkpt lat="35.47233" lon="133.052004"/>
    <trkpt lat="35.472366" lon="133.052008"/>
    <trkpt lat="35.472403" lon="133.052011"/>
    <trkpt lat="35.472438" lon="133.052014"/>
    <trkpt lat="35.472474" lon="133.052018"/>
    <trkpt lat="35.47251" lon="133.052021"/>
    <trkpt lat="35.472546" lon="133.052024"/>
    <trkpt lat="35.472582" lon="133.052028"/>
    <trkpt lat="35.472618" lon="133.052031"/>
    <trkpt lat="35.472654" lon="133.052034"/>
    <trkpt lat="35.47269" lon="133.052038"/>
    <trkpt lat="35.472726" lon="133.052041"/>
    <trkpt lat="35.472761" lon="133.052044"/>
    <trkpt lat="35.472797" lon="133.052047"/>
    <trkpt lat="35.472833" lon="133.052051"/>
    <trkpt lat="35.472869" lon="133.052054"/>
    <trkpt lat="35.472905" lon="133.052058"/>
    <trkpt lat="35.472942" lon="133.052064"/>
    <trkpt lat="35.472977" lon="133.052072"/>
    <trkpt lat="35.473012" lon="133.052083"/>
    <trkpt lat="35.473046" lon="133.052097"/>
    <trkpt lat="35.473079" lon="133.052116"/>
    <trkpt lat="35.473109" lon="133.052139"/>
    <trkpt lat="35.473136" lon="133.052168"/>
    <trkpt lat="35.473159" lon="133.052202"/>
    <trkpt lat="35.473178" lon="133.052239"/>
    <trkpt lat="35.473191" lon="133.05228"/>
    <trkpt lat="35.473201" lon="133.052323"/>
    <trkpt lat="35.473207" lon="133.052366"/>
    <trkpt lat="35.473211" lon="133.05241"/>
    <trkpt lat="35.473213" lon="133.052454"/>
    <trkpt lat="35.473213" lon="133.052499"/>
    <trkpt lat="35.473213" lon="133.052543"/>
    <trkpt lat="35.473213" lon="133.052587"/>
    <trkpt lat="35.473212" lon="133.052631"/>
    <trkpt lat="35.47321" lon="133.052675"/>
    <trkpt lat="35.473208" lon="133.052719"/>
    <trkpt lat="35.473206" lon="133.052763"/>
    <trkpt lat="35.473204" lon="133.052807"/>
    <trkpt lat="35.473202" lon="133.05285"/>
    <trkpt lat="35.4732" lon="133.052895"/>
    <trkpt lat="35.473198" lon="133.052939"/>
    <trkpt lat="35.473197" lon="133.052983"/>
    <trkpt lat="35.473197" lon="133.053027"/>
    <trkpt lat="35.473196" lon="133.053071"/>
    <trkpt lat="35.473196" lon="133.053115"/>
    <trkpt lat="35.473195" lon="133.053159"/>
    <trkpt lat="35.473195" lon="133.053203"/>
    <trkpt lat="35.473194" lon="133.053247"/>
    <trkpt lat="35.473192" lon="133.053292"/>
    <trkpt lat="35.47319" lon="133.053336"/>
    <trkpt lat="35.473188" lon="133.05338"/>
    <trkpt lat="35.473186" lon="133.053424"/>
    <trkpt lat="35.473184" lon="133.053468"/>
    <trkpt lat="35.473181" lon="133.053512"/>
    <trkpt lat="35.47318" lon="133.053556"/>
    <trkpt lat="35.473179" lon="133.0536"/>
    <trkpt lat="35.473177" lon="133.053645"/>
    <trkpt lat="35.473175" lon="133.053689"/>
    <trkpt lat="35.473173" lon="133.053733"/>
    <trkpt lat="35.473171" lon="133.053777"/>
    <trkpt lat="35.473169" lon="133.053821"/>
    <trkpt lat="35.473167" lon="133.053865"/>
    <trkpt lat="35.473164" lon="133.053908"/>
    <trkpt lat="35.473162" lon="133.053952"/>
    <trkpt lat="35.473161" lon="133.053996"/>
    <trkpt lat="35.47316" lon="133.05404"/>
    <trkpt lat="35.473161" lon="133.054085"/>
    <trkpt lat="35.473163" lon="133.054129"/>
    <trkpt lat="35.47317" lon="133.054172"/>
    <trkpt lat="35.473182" lon="133.054214"/>
    <trkpt lat="35.473201" lon="133.054251"/>
    <trkpt lat="35.473226" lon="133.054282"/>
    <trkpt lat="35.473257" lon="133.054304"/>
    <trkpt lat="35.473291" lon="133.054321"/>
    <trkpt lat="35.473325" lon="133.054332"/>
    <trkpt lat="35.473362" lon="133.054338"/>
    <trkpt lat="35.473398" lon="133.054344"/>
    <trkpt lat="35.473434" lon="133.054347"/>
    <trkpt lat="35.473469" lon="133.05435"/>
    <trkpt lat="35.473505" lon="133.054353"/>
    <trkpt lat="35.473541" lon="133.054356"/>
    <trkpt lat="35.473577" lon="133.054359"/>
    <trkpt lat="35.473613" lon="133.054363"/>
    <trkpt lat="35.473649" lon="133.054365"/>
    <trkpt lat="35.473685" lon="133.054368"/>
    <trkpt lat="35.473721" lon="133.05437"/>
    <trkpt lat="35.473757" lon="133.054374"/>
    <trkpt lat="35.473793" lon="133.054377"/>
    <trkpt lat="35.473829" lon="133.054379"/>
    <trkpt lat="35.473864" lon="133.054382"/>
    <trkpt lat="35.4739" lon="133.054386"/>
    <trkpt lat="35.473937" lon="133.054389"/>
    <trkpt lat="35.473973" lon="133.054391"/>
    <trkpt lat="35.474009" lon="133.054395"/>
    <trkpt lat="35.474045" lon="133.054397"/>
    <trkpt lat="35.474081" lon="133.0544"/>
    <trkpt lat="35.474117" lon="133.054403"/>
    <trkpt lat="35.474153" lon="133.054406"/>
    <trkpt lat="35.474189" lon="133.054409"/>
    <trkpt lat="35.474225" lon="133.054411"/>
    <trkpt lat="35.474261" lon="133.054413"/>
    <trkpt lat="35.474297" lon="133.054415"/>
    <trkpt lat="35.474332" lon="133.054419"/>
    <trkpt lat="35.474368" lon="133.054421"/>
    <trkpt lat="35.474404" lon="133.054423"/>
    <trkpt lat="35.47444" lon="133.054427"/>
    <trkpt lat="35.474476" lon="133.05443"/>
    <trkpt lat="35.474512" lon="133.054432"/>
    <trkpt lat="35.474549" lon="133.054435"/>
    <trkpt lat="35.474585" lon="133.054439"/>
    <trkpt lat="35.474621" lon="133.054441"/>
    <trkpt lat="35.474657" lon="133.054444"/>
    <trkpt lat="35.474693" lon="133.054447"/>
    <trkpt lat="35.474728" lon="133.05445"/>
    <trkpt lat="35.474764" lon="133.054453"/>
    <trkpt lat="35.4748" lon="133.054456"/>
    <trkpt lat="35.474836" lon="133.054458"/>
    <trkpt lat="35.474872" lon="133.054462"/>
    <trkpt lat="35.474908" lon="133.054465"/>
    <trkpt lat="35.474944" lon="133.054467"/>
    <trkpt lat="35.47498" lon="133.054471"/>
    <trkpt lat="35.475016" lon="133.054474"/>
    <trkpt lat="35.475052" lon="133.054476"/>
    <trkpt lat="35.475088" lon="133.054479"/>
    <trkpt lat="35.475124" lon="133.054483"/>
    <trkpt lat="35.47516" lon="133.054485"/>
    <trkpt lat="35.475196" lon="133.054488"/>
    <trkpt lat="35.475232" lon="133.054492"/>
    <trkpt lat="35.475268" lon="133.054494"/>
    <trkpt lat="35.475304" lon="133.054497"/>
    <trkpt lat="35.47534" lon="133.0545"/>
    <trkpt lat="35.475376" lon="133.054503"/>
    <trkpt lat="35.475412" lon="133.054506"/>
    <trkpt lat="35.475448" lon="133.054507"/>
    <trkpt lat="35.475484" lon="133.054508"/>
    <trkpt lat="35.47552" lon="133.054507"/>
    <trkpt lat="35.475555" lon="133.054502"/>
    <trkpt lat="35.47559" lon="133.05449"/>
    <trkpt lat="35.475624" lon="133.054473"/>
    <trkpt lat="35.475654" lon="133.054447"/>
    <trkpt lat="35.475679" lon="133.054418"/>
    <trkpt lat="35.475701" lon="133.054383"/>
    <trkpt lat="35.475723" lon="133.054347"/>
    <trkpt lat="35.475744" lon="133.054311"/>
    <trkpt lat="35.475766" lon="133.054277"/>
    <trkpt lat="35.475791" lon="133.054246"/>
    <trkpt lat="35.475821" lon="133.054221"/>
    <trkpt lat="35.475855" lon="133.054204"/>
    <trkpt lat="35.47589" lon="133.054194"/>
    <trkpt lat="35.475926" lon="133.054188"/>
    <trkpt lat="35.475962" lon="133.054185"/>
    <trkpt lat="35.475997" lon="133.054182"/>
    <trkpt lat="35.476033" lon="133.054176"/>
    <trkpt lat="35.476068" lon="133.054165"/>
    <trkpt lat="35.476101" lon="133.054146"/>
    <trkpt lat="35.476129" lon="133.05412"/>
    <trkpt lat="35.476153" lon="133.054087"/>
    <trkpt lat="35.476171" lon="133.054049"/>
    <trkpt lat="35.476184" lon="133.054008"/>
    <trkpt lat="35.476194" lon="133.053965"/>
    <trkpt lat="35.476202" lon="133.053922"/>
    <trkpt lat="35.476208" lon="133.053879"/>
    <trkpt lat="35.476212" lon="133.053835"/>
    <trkpt lat="35.476217" lon="133.053791"/>
    <trkpt lat="35.47622" lon="133.053747"/>
    <trkpt lat="35.476223" lon="133.053704"/>
    <trkpt lat="35.476227" lon="133.05366"/>
    <trkpt lat="35.476229" lon="133.053616"/>
    <trkpt lat="35.476232" lon="133.053572"/>
    <trkpt lat="35.476236" lon="133.053528"/>
    <trkpt lat="35.476238" lon="133.053483"/>
    <trkpt lat="35.476241" lon="133.053439"/>
    <trkpt lat="35.476245" lon="133.053396"/>
    <trkpt lat="35.476247" lon="133.053352"/>
    <trkpt lat="35.476251" lon="133.053308"/>
    <trkpt lat="35.476255" lon="133.053264"/>
    <trkpt lat="35.476257" lon="133.05322"/>
    <trkpt lat="35.476261" lon="133.053176"/>
    <trkpt lat="35.476265" lon="133.053133"/>
    <trkpt lat="35.476268" lon="133.053089"/>
    <trkpt lat="35.476272" lon="133.053045"/>
    <trkpt lat="35.476275" lon="133.053"/>
    <trkpt lat="35.476278" lon="133.052956"/>
    <trkpt lat="35.476283" lon="133.052913"/>
    <trkpt lat="35.476286" lon="133.052869"/>
    <trkpt lat="35.476292" lon="133.052825"/>
    <trkpt lat="35.476298" lon="133.052782"/>
    <trkpt lat="35.476307" lon="133.052739"/>
    <trkpt lat="35.476317" lon="133.052697"/>
    <trkpt lat="35.47633" lon="133.052655"/>
    <trkpt lat="35.476345" lon="133.052615"/>
    <trkpt lat="35.476362" lon="133.052577"/>
    <trkpt lat="35.476381" lon="133.052539"/>
    <trkpt lat="35.476403" lon="133.052504"/>
    <trkpt lat="35.476426" lon="133.05247"/>
    <trkpt lat="35.47645" lon="133.052438"/>
    <trkpt lat="35.476476" lon="133.052407"/>
    <trkpt lat="35.476503" lon="133.052377"/>
    <trkpt lat="35.476531" lon="133.052349"/>
    <trkpt lat="35.476559" lon="133.052322"/>
    <trkpt lat="35.476588" lon="133.052297"/>
    <trkpt lat="35.476618" lon="133.052272"/>
    <trkpt lat="35.476649" lon="133.052248"/>
    <trkpt lat="35.47668" lon="133.052226"/>
    <trkpt lat="35.476711" lon="133.052204"/>
    <trkpt lat="35.476742" lon="133.052182"/>
    <trkpt lat="35.476774" lon="133.05216"/>
    <trkpt lat="35.476805" lon="133.052139"/>
    <trkpt lat="35.476837" lon="133.052118"/>
    <trkpt lat="35.476868" lon="133.052096"/>
    <trkpt lat="35.4769" lon="133.052075"/>
    <trkpt lat="35.476932" lon="133.052054"/>
    <trkpt lat="35.476964" lon="133.052034"/>
    <trkpt lat="35.476996" lon="133.052013"/>
    <trkpt lat="35.477027" lon="133.051992"/>
    <trkpt lat="35.47706" lon="133.051972"/>
    <trkpt lat="35.477092" lon="133.051953"/>
    <trkpt lat="35.477124" lon="133.051933"/>
    <trkpt lat="35.477156" lon="133.051914"/>
    <trkpt lat="35.477188" lon="133.051894"/>
    <trkpt lat="35.477222" lon="133.051875"/>
    <trkpt lat="35.477254" lon="133.051857"/>
    <trkpt lat="35.477287" lon="133.051837"/>
    <trkpt lat="35.477319" lon="133.051818"/>
    <trkpt lat="35.477351" lon="133.051798"/>
    <trkpt lat="35.477383" lon="133.051778"/>
    <trkpt lat="35.477415" lon="133.051757"/>
    <trkpt lat="35.477446" lon="133.051736"/>
    <trkpt lat="35.477478" lon="133.051714"/>
    <trkpt lat="35.477508" lon="133.05169"/>
    <trkpt lat="35.477538" lon="133.051666"/>
    <trkpt lat="35.477567" lon="133.051639"/>
    <trkpt lat="35.477596" lon="133.051613"/>
    <trkpt lat="35.477624" lon="133.051585"/>
    <trkpt lat="35.477651" lon="133.051556"/>
    <trkpt lat="35.477678" lon="133.051527"/>
    <trkpt lat="35.477704" lon="133.051496"/>
    <trkpt lat="35.47773" lon="133.051465"/>
    <trkpt lat="35.477755" lon="133.051434"/>
    <trkpt lat="35.477782" lon="133.051403"/>
    <trkpt lat="35.477807" lon="133.051372"/>
    <trkpt lat="35.477832" lon="133.05134"/>
    <trkpt lat="35.477856" lon="133.051309"/>
    <trkpt lat="35.477882" lon="133.051277"/>
    <trkpt lat="35.477906" lon="133.051245"/>
    <trkpt lat="35.47793" lon="133.051213"/>
    <trkpt lat="35.477955" lon="133.051179"/>
    <trkpt lat="35.47798" lon="133.051147"/>
    <trkpt lat="35.478003" lon="133.051114"/>
    <trkpt lat="35.478028" lon="133.051081"/>
    <trkpt lat="35.478052" lon="133.051049"/>
    <trkpt lat="35.478076" lon="133.051016"/>
    <trkpt lat="35.4781" lon="133.050983"/>
    <trkpt lat="35.478124" lon="133.05095"/>
    <trkpt lat="35.478147" lon="133.050917"/>
    <trkpt lat="35.478171" lon="133.050884"/>
    <trkpt lat="35.478194" lon="133.05085"/>
    <trkpt lat="35.478218" lon="133.050817"/>
    <trkpt lat="35.478241" lon="133.050782"/>
    <trkpt lat="35.478264" lon="133.050748"/>
    <trkpt lat="35.478286" lon="133.050714"/>
    <trkpt lat="35.478308" lon="133.050679"/>
    <trkpt lat="35.47833" lon="133.050643"/>
    <trkpt lat="35.478352" lon="133.050608"/>
    <trkpt lat="35.478373" lon="133.050573"/>
    <trkpt lat="35.478394" lon="133.050538"/>
    <trkpt lat="35.478415" lon="133.050501"/>
    <trkpt lat="35.478437" lon="133.050466"/>
    <trkpt lat="35.478458" lon="133.050431"/>
    <trkpt lat="35.478479" lon="133.050394"/>
    <trkpt lat="35.478501" lon="133.050359"/>
    <trkpt lat="35.478522" lon="133.050324"/>
    <trkpt lat="35.478544" lon="133.050288"/>
    <trkpt lat="35.478566" lon="133.050253"/>
    <trkpt lat="35.478587" lon="133.050218"/>
    <trkpt lat="35.478609" lon="133.050184"/>
    <trkpt lat="35.478631" lon="133.050148"/>
    <trkpt lat="35.478653" lon="133.050113"/>
    <trkpt lat="35.478675" lon="133.050078"/>
    <trkpt lat="35.478696" lon="133.050042"/>
    <trkpt lat="35.478717" lon="133.050007"/>
    <trkpt lat="35.478739" lon="133.049971"/>
    <trkpt lat="35.478759" lon="133.049934"/>
    <trkpt lat="35.47878" lon="133.049899"/>
    <trkpt lat="35.4788" lon="133.049863"/>
    <trkpt lat="35.47882" lon="133.049825"/>
    <trkpt lat="35.47884" lon="133.049789"/>
    <trkpt lat="35.478859" lon="133.049751"/>
    <trkpt lat="35.478879" lon="133.049715"/>
    <trkpt lat="35.478898" lon="133.049677"/>
    <trkpt lat="35.478917" lon="133.04964"/>
    <trkpt lat="35.478936" lon="133.049602"/>
    <trkpt lat="35.478953" lon="133.049564"/>
    <trkpt lat="35.47897" lon="133.049524"/>
    <trkpt lat="35.478987" lon="133.049484"/>
    <trkpt lat="35.479001" lon="133.049445"/>
    <trkpt lat="35.479015" lon="133.049404"/>
    <trkpt lat="35.479027" lon="133.049362"/>
    <trkpt lat="35.479038" lon="133.04932"/>
    <trkpt lat="35.479049" lon="133.049278"/>
    <trkpt lat="35.479059" lon="133.049236"/>
    <trkpt lat="35.479069" lon="133.049193"/>
    <trkpt lat="35.479077" lon="133.04915"/>
    <trkpt lat="35.479084" lon="133.049107"/>
    <trkpt lat="35.479088" lon="133.049063"/>
    <trkpt lat="35.479088" lon="133.049019"/>
    <trkpt lat="35.479081" lon="133.048976"/>
    <trkpt lat="35.479066" lon="133.048936"/>
    <trkpt lat="35.479042" lon="133.048902"/>
    <trkpt lat="35.479015" lon="133.048874"/>
    <trkpt lat="35.478985" lon="133.04885"/>
    <trkpt lat="35.478953" lon="133.048828"/>
    <trkpt lat="35.478922" lon="133.048807"/>
    <trkpt lat="35.47889" lon="133.048786"/>
    <trkpt lat="35.478859" lon="133.048765"/>
    <trkpt lat="35.478827" lon="133.048743"/>
    <trkpt lat="35.478796" lon="133.048721"/>
    <trkpt lat="35.478766" lon="133.048698"/>
    <trkpt lat="35.478735" lon="133.048675"/>
    <trkpt lat="35.478704" lon="133.04865"/>
    <trkpt lat="35.478674" lon="133.048626"/>
    <trkpt lat="35.478644" lon="133.048603"/>
    <trkpt lat="35.478613" lon="133.048579"/>
    <trkpt lat="35.478584" lon="133.048554"/>
    <trkpt lat="35.478554" lon="133.04853"/>
    <trkpt lat="35.478523" lon="133.048506"/>
    <trkpt lat="35.478494" lon="133.048482"/>
    <trkpt lat="35.478463" lon="133.048457"/>
    <trkpt lat="35.478433" lon="133.048433"/>
    <trkpt lat="35.478403" lon="133.04841"/>
    <trkpt lat="35.478372" lon="133.048386"/>
    <trkpt lat="35.478341" lon="133.048363"/>
    <trkpt lat="35.478311" lon="133.048339"/>
    <trkpt lat="35.478279" lon="133.048318"/>
    <trkpt lat="35.478247" lon="133.048297"/>
    <trkpt lat="35.478215" lon="133.048278"/>
    <trkpt lat="35.478182" lon="133.04826"/>
    <trkpt lat="35.478148" lon="133.048245"/>
    <trkpt lat="35.478114" lon="133.04823"/>
    <trkpt lat="35.47808" lon="133.048218"/>
    <trkpt lat="35.478045" lon="133.048208"/>
    <trkpt lat="35.478009" lon="133.0482"/>
    <trkpt lat="35.477974" lon="133.048194"/>
    <trkpt lat="35.477937" lon="133.048189"/>
    <trkpt lat="35.477901" lon="133.048188"/>
    <trkpt lat="35.477865" lon="133.048189"/>
    <trkpt lat="35.477829" lon="133.048195"/>
    <trkpt lat="35.477794" lon="133.048204"/>
    <trkpt lat="35.47776" lon="133.048216"/>
    <trkpt lat="35.477726" lon="133.04823"/>
    <trkpt lat="35.477691" lon="133.048243"/>
    <trkpt lat="35.477657" lon="133.048257"/>
    <trkpt lat="35.477622" lon="133.048268"/>
    <trkpt lat="35.477586" lon="133.048275"/>
    <trkpt lat="35.477551" lon="133.048279"/>
    <trkpt lat="35.477515" lon="133.04828"/>
    <trkpt lat="35.477479" lon="133.04828"/>
    <trkpt lat="35.477443" lon="133.048277"/>
    <trkpt lat="35.477407" lon="133.048273"/>
    <trkpt lat="35.477371" lon="133.04827"/>
    <trkpt lat="35.477334" lon="133.048265"/>
    <trkpt lat="35.477298" lon="133.048262"/>
    <trkpt lat="35.477262" lon="133.048258"/>
    <trkpt lat="35.477227" lon="133.048254"/>
    <trkpt lat="35.477191" lon="133.04825"/>
    <trkpt lat="35.477155" lon="133.048247"/>
    <trkpt lat="35.477119" lon="133.048243"/>
    <trkpt lat="35.477083" lon="133.048241"/>
    <trkpt lat="35.477047" lon="133.048238"/>
    <trkpt lat="35.477011" lon="133.048235"/>
    <trkpt lat="35.476975" lon="133.048232"/>
    <trkpt lat="35.476939" lon="133.048229"/>
    <trkpt lat="35.476903" lon="133.048226"/>
    <trkpt lat="35.476868" lon="133.048224"/>
    <trkpt lat="35.476832" lon="133.04822"/>
    <trkpt lat="35.476795" lon="133.048218"/>
    <trkpt lat="35.476759" lon="133.048215"/>
    <trkpt lat="35.476723" lon="133.048213"/>
    <trkpt lat="35.476687" lon="133.048209"/>
    <trkpt lat="35.476651" lon="133.048207"/>
    <trkpt lat="35.476615" lon="133.048204"/>
    <trkpt lat="35.476579" lon="133.048202"/>
    <trkpt lat="35.476543" lon="133.048198"/>
    <trkpt lat="35.476507" lon="133.048195"/>
    <trkpt lat="35.476471" lon="133.048193"/>
    <trkpt lat="35.476436" lon="133.048189"/>
    <trkpt lat="35.4764" lon="133.048186"/>
    <trkpt lat="35.476364" lon="133.048184"/>
    <trkpt lat="35.476328" lon="133.048181"/>
    <trkpt lat="35.476292" lon="133.048177"/>
    <trkpt lat="35.476256" lon="133.048175"/>
    <trkpt lat="35.47622" lon="133.048172"/>
    <trkpt lat="35.476184" lon="133.048168"/>
    <trkpt lat="35.476147" lon="133.048166"/>
    <trkpt lat="35.476111" lon="133.048163"/>
    <trkpt lat="35.476075" lon="133.04816"/>
    <trkpt lat="35.476039" lon="133.048157"/>
    <trkpt lat="35.476004" lon="133.048155"/>
    <trkpt lat="35.475968" lon="133.048154"/>
    <trkpt lat="35.475932" lon="133.048153"/>
    <trkpt lat="35.475896" lon="133.048154"/>
    <trkpt lat="35.47586" lon="133.048157"/>
    <trkpt lat="35.475824" lon="133.048162"/>
    <trkpt lat="35.475788" lon="133.048168"/>
    <trkpt lat="35.475753" lon="133.048178"/>
    <trkpt lat="35.475718" lon="133.04819"/>
    <trkpt lat="35.475684" lon="133.048205"/>
    <trkpt lat="35.475651" lon="133.048221"/>
    <trkpt lat="35.475618" lon="133.048241"/>
    <trkpt lat="35.475587" lon="133.048262"/>
    <trkpt lat="35.475555" lon="133.048283"/>
    <trkpt lat="35.475525" lon="133.048306"/>
    <trkpt lat="35.475494" lon="133.048329"/>
    <trkpt lat="35.475462" lon="133.048352"/>
    <trkpt lat="35.475431" lon="133.048372"/>
    <trkpt lat="35.475398" lon="133.048391"/>
    <trkpt lat="35.475365" lon="133.048409"/>
    <trkpt lat="35.475331" lon="133.048423"/>
    <trkpt lat="35.475297" lon="133.048435"/>
    <trkpt lat="35.475261" lon="133.048443"/>
    <trkpt lat="35.475225" lon="133.04845"/>
    <trkpt lat="35.475189" lon="133.048453"/>
    <trkpt lat="35.475153" lon="133.048455"/>
    <trkpt lat="35.475117" lon="133.048456"/>
    <trkpt lat="35.475081" lon="133.048456"/>
    <trkpt lat="35.475045" lon="133.048456"/>
    <trkpt lat="35.475009" lon="133.048454"/>
    <trkpt lat="35.474973" lon="133.048453"/>
    <trkpt lat="35.474937" lon="133.048451"/>
    <trkpt lat="35.474901" lon="133.048447"/>
    <trkpt lat="35.474865" lon="133.048445"/>
    <trkpt lat="35.47483" lon="133.048442"/>
    <trkpt lat="35.474794" lon="133.04844"/>
    <trkpt lat="35.474758" lon="133.048438"/>
    <trkpt lat="35.474722" lon="133.048435"/>
    <trkpt lat="35.474686" lon="133.048433"/>
    <trkpt lat="35.474649" lon="133.048431"/>
    <trkpt lat="35.474613" lon="133.048429"/>
    <trkpt lat="35.474577" lon="133.048425"/>
    <trkpt lat="35.474541" lon="133.048423"/>
    <trkpt lat="35.474505" lon="133.04842"/>
    <trkpt lat="35.474469" lon="133.048418"/>
    <trkpt lat="35.474433" lon="133.048415"/>
    <trkpt lat="35.474397" lon="133.048413"/>
    <trkpt lat="35.474361" lon="133.04841"/>
    <trkpt lat="35.474325" lon="133.048408"/>
    <trkpt lat="35.474289" lon="133.048406"/>
    <trkpt lat="35.474254" lon="133.048402"/>
    <trkpt lat="35.474218" lon="133.0484"/>
    <trkpt lat="35.474182" lon="133.048397"/>
    <trkpt lat="35.474146" lon="133.048395"/>
    <trkpt lat="35.47411" lon="133.048392"/>
    <trkpt lat="35.474074" lon="133.04839"/>
    <trkpt lat="35.474037" lon="133.048387"/>
    <trkpt lat="35.474001" lon="133.048385"/>
    <trkpt lat="35.473965" lon="133.048382"/>
    <trkpt lat="35.473929" lon="133.04838"/>
    <trkpt lat="35.473893" lon="133.048379"/>
    <trkpt lat="35.473857" lon="133.048379"/>
    <trkpt lat="35.473821" lon="133.048379"/>
    <trkpt lat="35.473785" lon="133.04838"/>
    <trkpt lat="35.473749" lon="133.048382"/>
    <trkpt lat="35.473713" lon="133.048385"/>
    <trkpt lat="35.473677" lon="133.048387"/>
    <trkpt lat="35.473641" lon="133.048388"/>
    <trkpt lat="35.473605" lon="133.048389"/>
    <trkpt lat="35.473569" lon="133.04839"/>
    <trkpt lat="35.473533" lon="133.048389"/>
    <trkpt lat="35.473497" lon="133.048387"/>
    <trkpt lat="35.473462" lon="133.048382"/>
    <trkpt lat="35.473426" lon="133.048375"/>
    <trkpt lat="35.473391" lon="133.048361"/>
    <trkpt lat="35.473359" lon="133.048342"/>
    <trkpt lat="35.47333" lon="133.048316"/>
    <trkpt lat="35.473306" lon="133.048283"/>
    <trkpt lat="35.473288" lon="133.048246"/>
    <trkpt lat="35.473276" lon="133.048204"/>
    <trkpt lat="35.473269" lon="133.048161"/>
    <trkpt lat="35.473265" lon="133.048117"/>
    <trkpt lat="35.473264" lon="133.048072"/>
    <trkpt lat="35.473264" lon="133.048028"/>
    <trkpt lat="35.473265" lon="133.047984"/>
    <trkpt lat="35.473265" lon="133.04794"/>
    <trkpt lat="35.473265" lon="133.047896"/>
    <trkpt lat="35.473264" lon="133.047852"/>
    <trkpt lat="35.473262" lon="133.047808"/>
    <trkpt lat="35.47326" lon="133.047764"/>
    <trkpt lat="35.473258" lon="133.04772"/>
    <trkpt lat="35.473255" lon="133.047675"/>
    <trkpt lat="35.473253" lon="133.047632"/>
    <trkpt lat="35.473252" lon="133.047588"/>
    <trkpt lat="35.473252" lon="133.047544"/>
    <trkpt lat="35.473252" lon="133.0475"/>
    <trkpt lat="35.473252" lon="133.047456"/>
    <trkpt lat="35.473253" lon="133.047412"/>
    <trkpt lat="35.473255" lon="133.047368"/>
    <trkpt lat="35.473258" lon="133.047324"/>
    <trkpt lat="35.47326" lon="133.047279"/>
    <trkpt lat="35.473261" lon="133.047235"/>
    <trkpt lat="35.473263" lon="133.047191"/>
    <trkpt lat="35.473264" lon="133.047147"/>
    <trkpt lat="35.473264" lon="133.047103"/>
    <trkpt lat="35.473263" lon="133.047059"/>
    <trkpt lat="35.473262" lon="133.047015"/>
    <trkpt lat="35.47326" lon="133.046971"/>
    <trkpt lat="35.473258" lon="133.046927"/>
    <trkpt lat="35.473255" lon="133.046882"/>
    <trkpt lat="35.473253" lon="133.046838"/>
    <trkpt lat="35.473252" lon="133.046794"/>
    <trkpt lat="35.473251" lon="133.04675"/>
    <trkpt lat="35.47325" lon="133.046706"/>
    <trkpt lat="35.473248" lon="133.046662"/>
    <trkpt lat="35.473244" lon="133.046619"/>
    <trkpt lat="35.473238" lon="133.046575"/>
    <trkpt lat="35.473226" lon="133.046533"/>
    <trkpt lat="35.473207" lon="133.046496"/>
    <trkpt lat="35.47318" lon="133.046467"/>
    <trkpt lat="35.473148" lon="133.046448"/>
    <trkpt lat="35.473114" lon="133.046436"/>
    <trkpt lat="35.473078" lon="133.046429"/>
    <trkpt lat="35.473042" lon="133.046424"/>
    <trkpt lat="35.473006" lon="133.04642"/>
    <trkpt lat="35.47297" lon="133.046417"/>
    <trkpt lat="35.472934" lon="133.046414"/>
    <trkpt lat="35.472898" lon="133.046411"/>
    <trkpt lat="35.472862" lon="133.046408"/>
    <trkpt lat="35.472826" lon="133.046406"/>
    <trkpt lat="35.47279" lon="133.046404"/>
    <trkpt lat="35.472754" lon="133.0464"/>
    <trkpt lat="35.472718" lon="133.046398"/>
    <trkpt lat="35.472682" lon="133.046395"/>
    <trkpt lat="35.472646" lon="133.046392"/>
    <trkpt lat="35.472611" lon="133.046389"/>
    <trkpt lat="35.472575" lon="133.046386"/>
    <trkpt lat="35.472539" lon="133.046384"/>
    <trkpt lat="35.472503" lon="133.046382"/>
    <trkpt lat="35.472467" lon="133.046378"/>
    <trkpt lat="35.47243" lon="133.046376"/>
    <trkpt lat="35.472394" lon="133.046373"/>
    <trkpt lat="35.472358" lon="133.046371"/>
    <trkpt lat="35.472322" lon="133.046367"/>
    <trkpt lat="35.472286" lon="133.046365"/>
    <trkpt lat="35.47225" lon="133.046364"/>
    <trkpt lat="35.472214" lon="133.046362"/>
    <trkpt lat="35.472178" lon="133.046361"/>
    <trkpt lat="35.472142" lon="133.046359"/>
    <trkpt lat="35.472106" lon="133.046356"/>
    <trkpt lat="35.47207" lon="133.046354"/>
    <trkpt lat="35.472035" lon="133.046351"/>
    <trkpt lat="35.471999" lon="133.046349"/>
    <trkpt lat="35.471963" lon="133.046345"/>
    <trkpt lat="35.471927" lon="133.046343"/>
    <trkpt lat="35.471891" lon="133.046342"/>
    <trkpt lat="35.471855" lon="133.046341"/>
    <trkpt lat="35.471818" lon="133.04634"/>
    <trkpt lat="35.471782" lon="133.04634"/>
    <trkpt lat="35.471746" lon="133.04634"/>
    <trkpt lat="35.47171" lon="133.04634"/>
    <trkpt lat="35.471674" lon="133.046341"/>
    <trkpt lat="35.471638" lon="133.046342"/>
    <trkpt lat="35.471602" lon="133.046344"/>
    <trkpt lat="35.471566" lon="133.046347"/>
    <trkpt lat="35.47153" lon="133.046351"/>
    <trkpt lat="35.471494" lon="133.046355"/>
    <trkpt lat="35.471458" lon="133.04636"/>
    <trkpt lat="35.471423" lon="133.046363"/>
    <trkpt lat="35.471387" lon="133.046364"/>
    <trkpt lat="35.471351" lon="133.046362"/>
    <trkpt lat="35.471315" lon="133.046354"/>
    <trkpt lat="35.471281" lon="133.04634"/>
    <trkpt lat="35.47125" lon="133.046319"/>
    <trkpt lat="35.471222" lon="133.04629"/>
    <trkpt lat="35.471199" lon="133.046256"/>
    <trkpt lat="35.47118" lon="133.046218"/>
    <trkpt lat="35.471164" lon="133.046179"/>
    <trkpt lat="35.471152" lon="133.046138"/>
    <trkpt lat="35.47114" lon="133.046096"/>
    <trkpt lat="35.471129" lon="133.046054"/>
    <trkpt lat="35.471119" lon="133.046011"/>
    <trkpt lat="35.471108" lon="133.045969"/>
    <trkpt lat="35.471097" lon="133.045927"/>
    <trkpt lat="35.471086" lon="133.045885"/>
    <trkpt lat="35.471072" lon="133.045845"/>
    <trkpt lat="35.471057" lon="133.045805"/>
    <trkpt lat="35.471039" lon="133.045766"/>
    <trkpt lat="35.471017" lon="133.045732"/>
    <trkpt lat="35.47099" lon="133.045702"/>
    <trkpt lat="35.470959" lon="133.045681"/>
    <trkpt lat="35.470924" lon="133.045669"/>
    <trkpt lat="35.470888" lon="133.045665"/>
    <trkpt lat="35.470852" lon="133.045667"/>
    <trkpt lat="35.470816" lon="133.045672"/>
    <trkpt lat="35.470781" lon="133.045681"/>
    <trkpt lat="35.470746" lon="133.045691"/>
    <trkpt lat="35.470711" lon="133.045702"/>
    <trkpt lat="35.470676" lon="133.045713"/>
    <trkpt lat="35.470641" lon="133.045724"/>
    <trkpt lat="35.470606" lon="133.045735"/>
    <trkpt lat="35.470572" lon="133.045747"/>
    <trkpt lat="35.470537" lon="133.045759"/>
    <trkpt lat="35.470503" lon="133.045771"/>
    <trkpt lat="35.470467" lon="133.045783"/>
    <trkpt lat="35.470433" lon="133.045795"/>
    <trkpt lat="35.470398" lon="133.045807"/>
    <trkpt lat="35.470364" lon="133.04582"/>
    <trkpt lat="35.470329" lon="133.045831"/>
    <trkpt lat="35.470294" lon="133.045843"/>
    <trkpt lat="35.470259" lon="133.045856"/>
    <trkpt lat="35.470225" lon="133.045868"/>
    <trkpt lat="35.47019" lon="133.045879"/>
    <trkpt lat="35.470156" lon="133.045891"/>
    <trkpt lat="35.47012" lon="133.045903"/>
    <trkpt lat="35.470086" lon="133.045914"/>
    <trkpt lat="35.470051" lon="133.045926"/>
    <trkpt lat="35.470016" lon="133.045938"/>
    <trkpt lat="35.469982" lon="133.045949"/>
    <trkpt lat="35.469946" lon="133.045961"/>
    <trkpt lat="35.469912" lon="133.045972"/>
    <trkpt lat="35.469877" lon="133.045985"/>
    <trkpt lat="35.469842" lon="133.045996"/>
    <trkpt lat="35.469808" lon="133.046008"/>
    <trkpt lat="35.469773" lon="133.046019"/>
    <trkpt lat="35.469738" lon="133.046031"/>
    <trkpt lat="35.469703" lon="133.046043"/>
    <trkpt lat="35.469669" lon="133.046054"/>
    <trkpt lat="35.469634" lon="133.046066"/>
    <trkpt lat="35.469599" lon="133.046078"/>
    <trkpt lat="35.469564" lon="133.046091"/>
    <trkpt lat="35.46953" lon="133.046103"/>
    <trkpt lat="35.469495" lon="133.046115"/>
    <trkpt lat="35.469461" lon="133.046127"/>
    <trkpt lat="35.469426" lon="133.046139"/>
    <trkpt lat="35.469391" lon="133.046151"/>
    <trkpt lat="35.469356" lon="133.046163"/>
    <trkpt lat="35.469322" lon="133.046175"/>
    <trkpt lat="35.469287" lon="133.046188"/>
    <trkpt lat="35.469252" lon="133.0462"/>
    <trkpt lat="35.469218" lon="133.046213"/>
    <trkpt lat="35.469184" lon="133.046227"/>
    <trkpt lat="35.46915" lon="133.046242"/>
    <trkpt lat="35.469116" lon="133.046258"/>
    <trkpt lat="35.469083" lon="133.046274"/>
    <trkpt lat="35.46905" lon="133.046291"/>
    <trkpt lat="35.469016" lon="133.046309"/>
    <trkpt lat="35.468984" lon="133.046327"/>
    <trkpt lat="35.468951" lon="133.046343"/>
    <trkpt lat="35.468917" lon="133.046361"/>
    <trkpt lat="35.468883" lon="133.046376"/>
    <trkpt lat="35.468849" lon="133.046391"/>
    <trkpt lat="35.468814" lon="133.046403"/>
    <trkpt lat="35.46878" lon="133.046415"/>
    <trkpt lat="35.468745" lon="133.046425"/>
    <trkpt lat="35.46871" lon="133.046435"/>
    <trkpt lat="35.468674" lon="133.046442"/>
    <trkpt lat="35.468639" lon="133.046451"/>
    <trkpt lat="35.468604" lon="133.046459"/>
    <trkpt lat="35.468567" lon="133.046467"/>
    <trkpt lat="35.468532" lon="133.046474"/>
    <trkpt lat="35.468497" lon="133.046481"/>
    <trkpt lat="35.468461" lon="133.046489"/>
    <trkpt lat="35.468426" lon="133.046495"/>
    <trkpt lat="35.46839" lon="133.046503"/>
    <trkpt lat="35.468355" lon="133.04651"/>
    <trkpt lat="35.468319" lon="133.046517"/>
    <trkpt lat="35.468284" lon="133.046524"/>
    <trkpt lat="35.468247" lon="133.046531"/>
    <trkpt lat="35.468212" lon="133.046538"/>
    <trkpt lat="35.468176" lon="133.046545"/>
    <trkpt lat="35.468141" lon="133.046553"/>
    <trkpt lat="35.468105" lon="133.04656"/>
    <trkpt lat="35.46807" lon="133.046567"/>
    <trkpt lat="35.468034" lon="133.046575"/>
    <trkpt lat="35.467999" lon="133.046582"/>
    <trkpt lat="35.467964" lon="133.046591"/>
    <trkpt lat="35.467928" lon="133.0466"/>
    <trkpt lat="35.467893" lon="133.046609"/>
    <trkpt lat="35.467858" lon="133.04662"/>
    <trkpt lat="35.467823" lon="133.046632"/>
    <trkpt lat="35.467789" lon="133.046644"/>
    <trkpt lat="35.467754" lon="133.046659"/>
    <trkpt lat="35.467721" lon="133.046675"/>
    <trkpt lat="35.467688" lon="133.046692"/>
    <trkpt lat="35.467654" lon="133.046709"/>
    <trkpt lat="35.467622" lon="133.046728"/>
    <trkpt lat="35.46759" lon="133.046748"/>
    <trkpt lat="35.467557" lon="133.046768"/>
    <trkpt lat="35.467526" lon="133.046788"/>
    <trkpt lat="35.467493" lon="133.046807"/>
    <trkpt lat="35.467462" lon="133.046827"/>
    <trkpt lat="35.467429" lon="133.046847"/>
    <trkpt lat="35.467397" lon="133.046867"/>
    <trkpt lat="35.467363" lon="133.046886"/>
    <trkpt lat="35.467331" lon="133.046903"/>
    <trkpt lat="35.467298" lon="133.046921"/>
    <trkpt lat="35.467264" lon="133.046938"/>
    <trkpt lat="35.467231" lon="133.046954"/>
    <trkpt lat="35.467197" lon="133.04697"/>
    <trkpt lat="35.467163" lon="133.046986"/>
    <trkpt lat="35.46713" lon="133.047002"/>
    <trkpt lat="35.467097" lon="133.047017"/>
    <trkpt lat="35.467062" lon="133.047031"/>
    <trkpt lat="35.467029" lon="133.047048"/>
    <trkpt lat="35.466995" lon="133.047063"/>
    <trkpt lat="35.466961" lon="133.04708"/>
    <trkpt lat="35.466929" lon="133.047099"/>
    <trkpt lat="35.466897" lon="133.04712"/>
    <trkpt lat="35.466867" lon="133.047143"/>
    <trkpt lat="35.466838" lon="133.047169"/>
    <trkpt lat="35.466814" lon="133.047201"/>
    <trkpt lat="35.466795" lon="133.047239"/>
    <trkpt lat="35.466784" lon="133.047282"/>
    <trkpt lat="35.466782" lon="133.047325"/>
    <trkpt lat="35.466787" lon="133.047369"/>
    <trkpt lat="35.466797" lon="133.047411"/>
    <trkpt lat="35.466811" lon="133.047452"/>
    <trkpt lat="35.466826" lon="133.047491"/>
    <trkpt lat="35.466843" lon="133.047531"/>
    <trkpt lat="35.46686" lon="133.04757"/>
    <trkpt lat="35.466878" lon="133.047608"/>
    <trkpt lat="35.466896" lon="133.047647"/>
    <trkpt lat="35.466913" lon="133.047685"/>
    <trkpt lat="35.46693" lon="133.047724"/>
    <trkpt lat="35.466947" lon="133.047764"/>
    <trkpt lat="35.466963" lon="133.047802"/>
    <trkpt lat="35.46698" lon="133.047842"/>
    <trkpt lat="35.466996" lon="133.047881"/>
    <trkpt lat="35.467013" lon="133.04792"/>
    <trkpt lat="35.46703" lon="133.047959"/>
    <trkpt lat="35.467046" lon="133.047999"/>
    <trkpt lat="35.467062" lon="133.048037"/>
    <trkpt lat="35.467079" lon="133.048077"/>
    <trkpt lat="35.467095" lon="133.048117"/>
    <trkpt lat="35.467111" lon="133.048156"/>
    <trkpt lat="35.467127" lon="133.048195"/>
    <trkpt lat="35.467142" lon="133.048235"/>
    <trkpt lat="35.467159" lon="133.048274"/>
    <trkpt lat="35.467174" lon="133.048315"/>
    <trkpt lat="35.467189" lon="133.048355"/>
    <trkpt lat="35.467204" lon="133.048395"/>
    <trkpt lat="35.467219" lon="133.048435"/>
    <trkpt lat="35.467234" lon="133.048475"/>
    <trkpt lat="35.467249" lon="133.048515"/>
    <trkpt lat="35.467264" lon="133.048556"/>
    <trkpt lat="35.467279" lon="133.048595"/>
    <trkpt lat="35.467294" lon="133.048635"/>
    <trkpt lat="35.467309" lon="133.048676"/>
    <trkpt lat="35.467325" lon="133.048715"/>
    <trkpt lat="35.467341" lon="133.048755"/>
    <trkpt lat="35.467357" lon="133.048795"/>
    <trkpt lat="35.467373" lon="133.048834"/>
    <trkpt lat="35.467389" lon="133.048873"/>
    <trkpt lat="35.467406" lon="133.048913"/>
    <trkpt lat="35.467422" lon="133.048952"/>
    <trkpt lat="35.467437" lon="133.048991"/>
    <trkpt lat="35.467453" lon="133.049031"/>
    <trkpt lat="35.467468" lon="133.049072"/>
    <trkpt lat="35.467482" lon="133.049113"/>
    <trkpt lat="35.467494" lon="133.049153"/>
    <trkpt lat="35.467504" lon="133.049196"/>
    <trkpt lat="35.467512" lon="133.049239"/>
    <trkpt lat="35.467518" lon="133.049282"/>
    <trkpt lat="35.467523" lon="133.049327"/>
    <trkpt lat="35.467526" lon="133.049371"/>
    <trkpt lat="35.46753" lon="133.049414"/>
    <trkpt lat="35.467535" lon="133.049458"/>
    <trkpt lat="35.467541" lon="133.049501"/>
    <trkpt lat="35.467549" lon="133.049544"/>
    <trkpt lat="35.467559" lon="133.049587"/>
    <trkpt lat="35.467571" lon="133.049629"/>
    <trkpt lat="35.467583" lon="133.04967"/>
    <trkpt lat="35.467596" lon="133.049711"/>
    <trkpt lat="35.46761" lon="133.049752"/>
    <trkpt lat="35.467624" lon="133.049792"/>
    <trkpt lat="35.467638" lon="133.049833"/>
    <trkpt lat="35.467653" lon="133.049874"/>
    <trkpt lat="35.467667" lon="133.049914"/>
    <trkpt lat="35.467681" lon="133.049954"/>
    <trkpt lat="35.467697" lon="133.049994"/>
    <trkpt lat="35.467712" lon="133.050035"/>
    <trkpt lat="35.467727" lon="133.050074"/>
    <trkpt lat="35.467742" lon="133.050114"/>
    <trkpt lat="35.467757" lon="133.050155"/>
    <trkpt lat="35.467772" lon="133.050195"/>
    <trkpt lat="35.467786" lon="133.050235"/>
    <trkpt lat="35.4678" lon="133.050276"/>
    <trkpt lat="35.467815" lon="133.050316"/>
    <trkpt lat="35.467829" lon="133.050357"/>
    <trkpt lat="35.467843" lon="133.050397"/>
    <trkpt lat="35.467857" lon="133.050438"/>
    <trkpt lat="35.467872" lon="133.050478"/>
    <trkpt lat="35.467887" lon="133.050519"/>
    <trkpt lat="35.467901" lon="133.050559"/>
    <trkpt lat="35.467916" lon="133.050599"/>
    <trkpt lat="35.46793" lon="133.050639"/>
    <trkpt lat="35.467946" lon="133.05068"/>
    <trkpt lat="35.46796" lon="133.050721"/>
    <trkpt lat="35.467974" lon="133.05076"/>
    <trkpt lat="35.467989" lon="133.050801"/>
    <trkpt lat="35.468003" lon="133.050842"/>
    <trkpt lat="35.468018" lon="133.050882"/>
    <trkpt lat="35.468032" lon="133.050922"/>
    <trkpt lat="35.468046" lon="133.050963"/>
    <trkpt lat="35.46806" lon="133.051003"/>
    <trkpt lat="35.468074" lon="133.051044"/>
    <trkpt lat="35.468088" lon="133.051085"/>
    <trkpt lat="35.468101" lon="133.051125"/>
    <trkpt lat="35.468114" lon="133.051167"/>
    <trkpt lat="35.468125" lon="133.051209"/>
    <trkpt lat="35.468136" lon="133.051251"/>
    <trkpt lat="35.468145" lon="133.051294"/>
    <trkpt lat="35.468151" lon="133.051337"/>
    <trkpt lat="35.468155" lon="133.051381"/>
    <trkpt lat="35.468156" lon="133.051425"/>
    <trkpt lat="35.468152" lon="133.05147"/>
    <trkpt lat="35.468145" lon="133.051513"/>
    <trkpt lat="35.468132" lon="133.051553"/>
    <trkpt lat="35.468115" lon="133.051593"/>
    <trkpt lat="35.468093" lon="133.051628"/>
    <trkpt lat="35.468069" lon="133.051659"/>
    <trkpt lat="35.46804" lon="133.051688"/>
    <trkpt lat="35.46801" lon="133.051711"/>
    <trkpt lat="35.467979" lon="133.051733"/>
    <trkpt lat="35.467946" lon="133.051751"/>
    <trkpt lat="35.467913" lon="133.051768"/>
    <trkpt lat="35.46788" lon="133.051785"/>
    <trkpt lat="35.467846" lon="133.0518"/>
    <trkpt lat="35.467812" lon="133.051817"/>
    <trkpt lat="35.467779" lon="133.051833"/>
    <trkpt lat="35.467745" lon="133.05185"/>
    <trkpt lat="35.467712" lon="133.051868"/>
    <trkpt lat="35.467679" lon="133.051884"/>
    <trkpt lat="35.467645" lon="133.0519"/>
    <trkpt lat="35.467611" lon="133.051915"/>
    <trkpt lat="35.467578" lon="133.051931"/>
    <trkpt lat="35.467544" lon="133.051945"/>
    <trkpt lat="35.467509" lon="133.051958"/>
    <trkpt lat="35.467474" lon="133.051971"/>
    <trkpt lat="35.46744" lon="133.051983"/>
    <trkpt lat="35.467406" lon="133.051996"/>
    <trkpt lat="35.467371" lon="133.052008"/>
    <trkpt lat="35.467336" lon="133.05202"/>
    <trkpt lat="35.467301" lon="133.052032"/>
    <trkpt lat="35.467267" lon="133.052045"/>
    <trkpt lat="35.467233" lon="133.052057"/>
    <trkpt lat="35.467197" lon="133.05207"/>
    <trkpt lat="35.467163" lon="133.052082"/>
    <trkpt lat="35.467128" lon="133.052094"/>
    <trkpt lat="35.467094" lon="133.052106"/>
    <trkpt lat="35.467059" lon="133.052117"/>
    <trkpt lat="35.467024" lon="133.052129"/>
    <trkpt lat="35.466989" lon="133.052141"/>
    <trkpt lat="35.466955" lon="133.052152"/>
    <trkpt lat="35.46692" lon="133.052164"/>
    <trkpt lat="35.466886" lon="133.052177"/>
    <trkpt lat="35.46685" lon="133.052189"/>
    <trkpt lat="35.466816" lon="133.052201"/>
    <trkpt lat="35.466781" lon="133.052213"/>
    <trkpt lat="35.466747" lon="133.052225"/>
    <trkpt lat="35.466712" lon="133.052237"/>
    <trkpt lat="35.466677" lon="133.052249"/>
    <trkpt lat="35.466642" lon="133.052261"/>
    <trkpt lat="35.466608" lon="133.052274"/>
    <trkpt lat="35.466573" lon="133.052286"/>
    <trkpt lat="35.466539" lon="133.052298"/>
    <trkpt lat="35.466503" lon="133.05231"/>
    <trkpt lat="35.466469" lon="133.052322"/>
    <trkpt lat="35.466435" lon="133.052334"/>
    <trkpt lat="35.4664" lon="133.052346"/>
    <trkpt lat="35.466366" lon="133.052358"/>
    <trkpt lat="35.46633" lon="133.052371"/>
    <trkpt lat="35.466296" lon="133.052383"/>
    <trkpt lat="35.466261" lon="133.052394"/>
    <trkpt lat="35.466227" lon="133.052406"/>
    <trkpt lat="35.466192" lon="133.052418"/>
    <trkpt lat="35.466156" lon="133.05243"/>
    <trkpt lat="35.466122" lon="133.052441"/>
    <trkpt lat="35.466088" lon="133.052454"/>
    <trkpt lat="35.466053" lon="133.052467"/>
    <trkpt lat="35.466019" lon="133.052479"/>
    <trkpt lat="35.465983" lon="133.052491"/>
    <trkpt lat="35.465949" lon="133.052503"/>
    <trkpt lat="35.465914" lon="133.052515"/>
    <trkpt lat="35.46588" lon="133.052527"/>
    <trkpt lat="35.465845" lon="133.052539"/>
    <trkpt lat="35.46581" lon="133.05255"/>
    <trkpt lat="35.465775" lon="133.052563"/>
    <trkpt lat="35.465741" lon="133.052575"/>
    <trkpt lat="35.465707" lon="133.052587"/>
    <trkpt lat="35.465672" lon="133.0526"/>
    <trkpt lat="35.465637" lon="133.052612"/>
    <trkpt lat="35.465602" lon="133.052624"/>
    <trkpt lat="35.465568" lon="133.052636"/>
    <trkpt lat="35.465533" lon="133.052649"/>
    <trkpt lat="35.465499" lon="133.052661"/>
    <trkpt lat="35.465463" lon="133.052673"/>
    <trkpt lat="35.465429" lon="133.052684"/>
    <trkpt lat="35.465394" lon="133.052696"/>
    <trkpt lat="35.46536" lon="133.052709"/>
    <trkpt lat="35.465325" lon="133.052721"/>
    <trkpt lat="35.46529" lon="133.052733"/>
    <trkpt lat="35.465256" lon="133.052747"/>
    <trkpt lat="35.465222" lon="133.052759"/>
    <trkpt lat="35.465187" lon="133.052772"/>
    <trkpt lat="35.465152" lon="133.052784"/>
    <trkpt lat="35.465118" lon="133.052797"/>
    <trkpt lat="35.465083" lon="133.05281"/>
    <trkpt lat="35.465049" lon="133.052822"/>
    <trkpt lat="35.465015" lon="133.052835"/>
    <trkpt lat="35.464979" lon="133.052847"/>
    <trkpt lat="35.464945" lon="133.052859"/>
    <trkpt lat="35.46491" lon="133.052872"/>
    <trkpt lat="35.464876" lon="133.052885"/>
    <trkpt lat="35.464841" lon="133.052897"/>
    <trkpt lat="35.464806" lon="133.052909"/>
    <trkpt lat="35.464772" lon="133.052922"/>
    <trkpt lat="35.464738" lon="133.052934"/>
    <trkpt lat="35.464703" lon="133.052947"/>
    <trkpt lat="35.464668" lon="133.05296"/>
    <trkpt lat="35.464634" lon="133.052973"/>
    <trkpt lat="35.464599" lon="133.052985"/>
    <trkpt lat="35.464565" lon="133.052997"/>
    <trkpt lat="35.464531" lon="133.05301"/>
    <trkpt lat="35.464495" lon="133.053021"/>
    <trkpt lat="35.464461" lon="133.053033"/>
    <trkpt lat="35.464426" lon="133.053045"/>
    <trkpt lat="35.464391" lon="133.053056"/>
    <trkpt lat="35.464356" lon="133.053067"/>
    <trkpt lat="35.464321" lon="133.053078"/>
    <trkpt lat="35.464286" lon="133.053088"/>
    <trkpt lat="35.464251" lon="133.053099"/>
    <trkpt lat="35.464216" lon="133.053108"/>
    <trkpt lat="35.464181" lon="133.053118"/>
    <trkpt lat="35.464146" lon="133.053128"/>
    <trkpt lat="35.464111" lon="133.053138"/>
    <trkpt lat="35.464075" lon="133.053148"/>
    <trkpt lat="35.46404" lon="133.053157"/>
    <trkpt lat="35.464005" lon="133.053167"/>
    <trkpt lat="35.46397" lon="133.053176"/>
    <trkpt lat="35.463934" lon="133.053185"/>
    <trkpt lat="35.463899" lon="133.053193"/>
    <trkpt lat="35.463864" lon="133.053201"/>
    <trkpt lat="35.463828" lon="133.053209"/>
    <trkpt lat="35.463792" lon="133.053217"/>
    <trkpt lat="35.463757" lon="133.053223"/>
    <trkpt lat="35.463721" lon="133.05323"/>
    <trkpt lat="35.463685" lon="133.053236"/>
    <trkpt lat="35.46365" lon="133.053243"/>
    <trkpt lat="35.463614" lon="133.053249"/>
    <trkpt lat="35.463579" lon="133.053255"/>
    <trkpt lat="35.463543" lon="133.053262"/>
    <trkpt lat="35.463508" lon="133.05327"/>
    <trkpt lat="35.463472" lon="133.053278"/>
    <trkpt lat="35.463437" lon="133.053288"/>
    <trkpt lat="35.463402" lon="133.053302"/>
    <trkpt lat="35.463369" lon="133.053316"/>
    <trkpt lat="35.463335" lon="133.053333"/>
    <trkpt lat="35.463303" lon="133.053352"/>
    <trkpt lat="35.46327" lon="133.053371"/>
    <trkpt lat="35.463238" lon="133.05339"/>
    <trkpt lat="35.463205" lon="133.053407"/>
    <trkpt lat="35.463171" lon="133.053424"/>
    <trkpt lat="35.463136" lon="133.053437"/>
    <trkpt lat="35.463102" lon="133.053448"/>
    <trkpt lat="35.463067" lon="133.053457"/>
    <trkpt lat="35.463031" lon="133.053465"/>
    <trkpt lat="35.462996" lon="133.053472"/>
    <trkpt lat="35.46296" lon="133.053478"/>
    <trkpt lat="35.462924" lon="133.053485"/>
    <trkpt lat="35.462888" lon="133.05349"/>
    <trkpt lat="35.462852" lon="133.053496"/>
    <trkpt lat="35.462817" lon="133.053501"/>
    <trkpt lat="35.462781" lon="133.053507"/>
    <trkpt lat="35.462745" lon="133.053512"/>
    <trkpt lat="35.462709" lon="133.053518"/>
    <trkpt lat="35.462674" lon="133.053522"/>
    <trkpt lat="35.462638" lon="133.053528"/>
    <trkpt lat="35.462602" lon="133.053533"/>
    <trkpt lat="35.462567" lon="133.053539"/>
    <trkpt lat="35.462531" lon="133.053545"/>
    <trkpt lat="35.462494" lon="133.053551"/>
    <trkpt lat="35.462459" lon="133.053557"/>
    <trkpt lat="35.462423" lon="133.053564"/>
    <trkpt lat="35.462388" lon="133.053571"/>
    <trkpt lat="35.462352" lon="133.053577"/>
    <trkpt lat="35.462317" lon="133.053585"/>
    <trkpt lat="35.462281" lon="133.053593"/>
    <trkpt lat="35.462246" lon="133.0536"/>
    <trkpt lat="35.462211" lon="133.053608"/>
    <trkpt lat="35.462174" lon="133.053616"/>
    <trkpt lat="35.462139" lon="133.053624"/>
    <trkpt lat="35.462103" lon="133.05363"/>
    <trkpt lat="35.462068" lon="133.053638"/>
    <trkpt lat="35.462032" lon="133.053646"/>
    <trkpt lat="35.461997" lon="133.053652"/>
    <trkpt lat="35.461961" lon="133.053659"/>
    <trkpt lat="35.461926" lon="133.053665"/>
    <trkpt lat="35.46189" lon="133.053672"/>
    <trkpt lat="35.461855" lon="133.053679"/>
    <trkpt lat="35.461818" lon="133.053685"/>
    <trkpt lat="35.461783" lon="133.053692"/>
    <trkpt lat="35.461747" lon="133.053697"/>
    <trkpt lat="35.461711" lon="133.053704"/>
    <trkpt lat="35.461676" lon="133.05371"/>
    <trkpt lat="35.46164" lon="133.053716"/>
    <trkpt lat="35.461604" lon="133.053722"/>
    <trkpt lat="35.461569" lon="133.053727"/>
    <trkpt lat="35.461533" lon="133.053732"/>
    <trkpt lat="35.461497" lon="133.053737"/>
    <trkpt lat="35.461462" lon="133.053743"/>
    <trkpt lat="35.461426" lon="133.053749"/>
    <trkpt lat="35.461389" lon="133.053755"/>
    <trkpt lat="35.461354" lon="133.05376"/>
    <trkpt lat="35.461318" lon="133.053767"/>
    <trkpt lat="35.461283" lon="133.053772"/>
    <trkpt lat="35.461247" lon="133.053779"/>
    <trkpt lat="35.461211" lon="133.053785"/>
    <trkpt lat="35.461176" lon="133.05379"/>
    <trkpt lat="35.46114" lon="133.053796"/>
    <trkpt lat="35.461104" lon="133.053801"/>
    <trkpt lat="35.461068" lon="133.053807"/>
    <trkpt lat="35.461033" lon="133.053811"/>
    <trkpt lat="35.460996" lon="133.053815"/>
    <trkpt lat="35.46096" lon="133.05382"/>
    <trkpt lat="35.460924" lon="133.053824"/>
    <trkpt lat="35.460888" lon="133.053828"/>
    <trkpt lat="35.460853" lon="133.053831"/>
    <trkpt lat="35.460817" lon="133.053834"/>
    <trkpt lat="35.460781" lon="133.053836"/>
    <trkpt lat="35.460745" lon="133.053838"/>
    <trkpt lat="35.460709" lon="133.053839"/>
    <trkpt lat="35.460673" lon="133.05384"/>
    <trkpt lat="35.460637" lon="133.05384"/>
    <trkpt lat="35.460601" lon="133.05384"/>
    <trkpt lat="35.460565" lon="133.05384"/>
    <trkpt lat="35.460529" lon="133.05384"/>
    <trkpt lat="35.460493" lon="133.05384"/>
    <trkpt lat="35.460457" lon="133.05384"/>
    <trkpt lat="35.460421" lon="133.05384"/>
    <trkpt lat="35.460384" lon="133.05384"/>
    <trkpt lat="35.460348" lon="133.053839"/>
    <trkpt lat="35.460312" lon="133.053838"/>
    <trkpt lat="35.460276" lon="133.053836"/>
    <trkpt lat="35.46024" lon="133.053834"/>
    <trkpt lat="35.460204" lon="133.053831"/>
    <trkpt lat="35.460168" lon="133.053828"/>
    <trkpt lat="35.460132" lon="133.053822"/>
    <trkpt lat="35.460097" lon="133.053817"/>
    <trkpt lat="35.460061" lon="133.05381"/>
    <trkpt lat="35.460026" lon="133.053802"/>
    <trkpt lat="35.45999" lon="133.053795"/>
    <trkpt lat="35.459955" lon="133.053786"/>
    <trkpt lat="35.459919" lon="133.053776"/>
    <trkpt lat="35.459884" lon="133.053765"/>
    <trkpt lat="35.45985" lon="133.053754"/>
    <trkpt lat="35.459815" lon="133.053742"/>
    <trkpt lat="35.459781" lon="133.053728"/>
    <trkpt lat="35.459746" lon="133.053714"/>
    <trkpt lat="35.459713" lon="133.0537"/>
    <trkpt lat="35.459679" lon="133.053684"/>
    <trkpt lat="35.459645" lon="133.053669"/>
    <trkpt lat="35.459611" lon="133.053653"/>
    <trkpt lat="35.459578" lon="133.053638"/>
    <trkpt lat="35.459544" lon="133.053622"/>
    <trkpt lat="35.459509" lon="133.053608"/>
    <trkpt lat="35.459476" lon="133.053594"/>
    <trkpt lat="35.459442" lon="133.053578"/>
    <trkpt lat="35.459407" lon="133.053563"/>
    <trkpt lat="35.459374" lon="133.053547"/>
    <trkpt lat="35.459341" lon="133.053531"/>
    <trkpt lat="35.459307" lon="133.053514"/>
    <trkpt lat="35.459275" lon="133.053496"/>
    <trkpt lat="35.459243" lon="133.053476"/>
    <trkpt lat="35.459211" lon="133.053455"/>
    <trkpt lat="35.45918" lon="133.053432"/>
    <trkpt lat="35.459152" lon="133.053404"/>
    <trkpt lat="35.459125" lon="133.053374"/>
    <trkpt lat="35.459102" lon="133.053341"/>
    <trkpt lat="35.459083" lon="133.053304"/>
    <trkpt lat="35.459069" lon="133.053263"/>
    <trkpt lat="35.459058" lon="133.053221"/>
    <trkpt lat="35.459051" lon="133.053178"/>
    <trkpt lat="35.459048" lon="133.053134"/>
    <trkpt lat="35.459046" lon="133.05309"/>
    <trkpt lat="35.459045" lon="133.053046"/>
    <trkpt lat="35.459045" lon="133.053002"/>
    <trkpt lat="35.459045" lon="133.052957"/>
    <trkpt lat="35.459044" lon="133.052913"/>
    <trkpt lat="35.459044" lon="133.052869"/>
    <trkpt lat="35.459043" lon="133.052825"/>
    <trkpt lat="35.459042" lon="133.052781"/>
    <trkpt lat="35.45904" lon="133.052737"/>
    <trkpt lat="35.459038" lon="133.052693"/>
    <trkpt lat="35.459034" lon="133.052649"/>
    <trkpt lat="35.459032" lon="133.052606"/>
    <trkpt lat="35.459027" lon="133.052561"/>
    <trkpt lat="35.459023" lon="133.052517"/>
    <trkpt lat="35.459017" lon="133.052474"/>
    <trkpt lat="35.459011" lon="133.05243"/>
    <trkpt lat="35.459004" lon="133.052387"/>
    <trkpt lat="35.458995" lon="133.052344"/>
    <trkpt lat="35.458985" lon="133.052302"/>
    <trkpt lat="35.458975" lon="133.052259"/>
    <trkpt lat="35.458964" lon="133.052217"/>
    <trkpt lat="35.458951" lon="133.052177"/>
    <trkpt lat="35.45894" lon="133.052135"/>
    <trkpt lat="35.458926" lon="133.052094"/>
    <trkpt lat="35.458913" lon="133.052053"/>
    <trkpt lat="35.458898" lon="133.052012"/>
    <trkpt lat="35.458884" lon="133.051971"/>
    <trkpt lat="35.458868" lon="133.051932"/>
    <trkpt lat="35.458853" lon="133.051892"/>
    <trkpt lat="35.458837" lon="133.051852"/>
    <trkpt lat="35.458821" lon="133.051814"/>
    <trkpt lat="35.458804" lon="133.051774"/>
    <trkpt lat="35.458786" lon="133.051735"/>
    <trkpt lat="35.458769" lon="133.051697"/>
    <trkpt lat="35.458751" lon="133.051658"/>
    <trkpt lat="35.458732" lon="133.051621"/>
    <trkpt lat="35.458713" lon="133.051583"/>
    <trkpt lat="35.458694" lon="133.051547"/>
    <trkpt lat="35.458674" lon="133.05151"/>
    <trkpt lat="35.458652" lon="133.051474"/>
    <trkpt lat="35.458631" lon="133.05144"/>
    <trkpt lat="35.458608" lon="133.051404"/>
    <trkpt lat="35.458585" lon="133.051371"/>
    <trkpt lat="35.45856" lon="133.051338"/>
    <trkpt lat="35.458536" lon="133.051305"/>
    <trkpt lat="35.458512" lon="133.051273"/>
    <trkpt lat="35.458486" lon="133.051242"/>
    <trkpt lat="35.458461" lon="133.05121"/>
    <trkpt lat="35.458435" lon="133.051181"/>
    <trkpt lat="35.458408" lon="133.05115"/>
    <trkpt lat="35.458382" lon="133.051121"/>
    <trkpt lat="35.458355" lon="133.051091"/>
    <trkpt lat="35.458327" lon="133.051064"/>
    <trkpt lat="35.458299" lon="133.051035"/>
    <trkpt lat="35.458271" lon="133.051009"/>
    <trkpt lat="35.458242" lon="133.050981"/>
    <trkpt lat="35.458213" lon="133.050956"/>
    <trkpt lat="35.458184" lon="133.05093"/>
    <trkpt lat="35.458154" lon="133.050905"/>
    <trkpt lat="35.458123" lon="133.050881"/>
    <trkpt lat="35.458092" lon="133.050857"/>
    <trkpt lat="35.458062" lon="133.050835"/>
    <trkpt lat="35.45803" lon="133.050813"/>
    <trkpt lat="35.457999" lon="133.050792"/>
    <trkpt lat="35.457966" lon="133.050772"/>
    <trkpt lat="35.457934" lon="133.050753"/>
    <trkpt lat="35.457901" lon="133.050734"/>
    <trkpt lat="35.457869" lon="133.050715"/>
    <trkpt lat="35.457837" lon="133.050696"/>
    <trkpt lat="35.457803" lon="133.050679"/>
    <trkpt lat="35.457771" lon="133.050661"/>
    <trkpt lat="35.457737" lon="133.050643"/>
    <trkpt lat="35.457704" lon="133.050626"/>
    <trkpt lat="35.457671" lon="133.050609"/>
    <trkpt lat="35.457637" lon="133.050593"/>
    <trkpt lat="35.457604" lon="133.050576"/>
    <trkpt lat="35.457571" lon="133.05056"/>
    <trkpt lat="35.457537" lon="133.050544"/>
    <trkpt lat="35.457503" lon="133.050528"/>
    <trkpt lat="35.45747" lon="133.050511"/>
    <trkpt lat="35.457436" lon="133.050496"/>
    <trkpt lat="35.457403" lon="133.050479"/>
    <trkpt lat="35.457369" lon="133.050464"/>
    <trkpt lat="35.457335" lon="133.050447"/>
    <trkpt lat="35.457302" lon="133.050432"/>
    <trkpt lat="35.457268" lon="133.050416"/>
    <trkpt lat="35.457234" lon="133.0504"/>
    <trkpt lat="35.457201" lon="133.050384"/>
    <trkpt lat="35.457167" lon="133.050368"/>
    <trkpt lat="35.457133" lon="133.050352"/>
    <trkpt lat="35.4571" lon="133.050337"/>
    <trkpt lat="35.457066" lon="133.05032"/>
    <trkpt lat="35.457033" lon="133.050305"/>
    <trkpt lat="35.456999" lon="133.050289"/>
    <trkpt lat="35.456965" lon="133.050273"/>
    <trkpt lat="35.456932" lon="133.050257"/>
    <trkpt lat="35.456898" lon="133.050242"/>
    <trkpt lat="35.456864" lon="133.050225"/>
    <trkpt lat="35.456831" lon="133.05021"/>
    <trkpt lat="35.456797" lon="133.050193"/>
    <trkpt lat="35.456763" lon="133.050178"/>
    <trkpt lat="35.45673" lon="133.050163"/>
    <trkpt lat="35.456696" lon="133.050146"/>
    <trkpt lat="35.456662" lon="133.050131"/>
    <trkpt lat="35.456629" lon="133.050115"/>
    <trkpt lat="35.456595" lon="133.050099"/>
    <trkpt lat="35.456561" lon="133.050083"/>
    <trkpt lat="35.456528" lon="133.050068"/>
    <trkpt lat="35.456494" lon="133.050051"/>
    <trkpt lat="35.456461" lon="133.050035"/>
    <trkpt lat="35.456427" lon="133.050019"/>
    <trkpt lat="35.456394" lon="133.050003"/>
    <trkpt lat="35.45636" lon="133.049986"/>
    <trkpt lat="35.456327" lon="133.049971"/>
    <trkpt lat="35.456293" lon="133.049954"/>
    <trkpt lat="35.456259" lon="133.049938"/>
    <trkpt lat="35.456226" lon="133.049921"/>
    <trkpt lat="35.456193" lon="133.049906"/>
    <trkpt lat="35.456159" lon="133.049889"/>
    <trkpt lat="35.456126" lon="133.049872"/>
    <trkpt lat="35.456092" lon="133.049857"/>
    <trkpt lat="35.456058" lon="133.04984"/>
    <trkpt lat="35.456025" lon="133.049825"/>
    <trkpt lat="35.455992" lon="133.049809"/>
    <trkpt lat="35.455957" lon="133.049792"/>
    <trkpt lat="35.455924" lon="133.049777"/>
    <trkpt lat="35.455891" lon="133.04976"/>
    <trkpt lat="35.455857" lon="133.049745"/>
    <trkpt lat="35.455823" lon="133.049728"/>
    <trkpt lat="35.45579" lon="133.049711"/>
    <trkpt lat="35.455756" lon="133.049696"/>
    <trkpt lat="35.455723" lon="133.049681"/>
    <trkpt lat="35.455689" lon="133.049664"/>
    <trkpt lat="35.455655" lon="133.049649"/>
    <trkpt lat="35.455621" lon="133.049633"/>
    <trkpt lat="35.455588" lon="133.049619"/>
    <trkpt lat="35.455553" lon="133.049603"/>
    <trkpt lat="35.455519" lon="133.049588"/>
    <trkpt lat="35.455486" lon="133.049574"/>
    <trkpt lat="35.455452" lon="133.049559"/>
    <trkpt lat="35.455417" lon="133.049544"/>
    <trkpt lat="35.455384" lon="133.049529"/>
    <trkpt lat="35.45535" lon="133.049514"/>
    <trkpt lat="35.455316" lon="133.049499"/>
    <trkpt lat="35.455282" lon="133.049484"/>
    <trkpt lat="35.455248" lon="133.049468"/>
    <trkpt lat="35.455215" lon="133.049452"/>
    <trkpt lat="35.455181" lon="133.049437"/>
    <trkpt lat="35.455147" lon="133.049421"/>
    <trkpt lat="35.455114" lon="133.049406"/>
    <trkpt lat="35.455079" lon="133.049392"/>
    <trkpt lat="35.455045" lon="133.049377"/>
    <trkpt lat="35.455011" lon="133.049362"/>
    <trkpt lat="35.454978" lon="133.049349"/>
    <trkpt lat="35.454943" lon="133.049334"/>
    <trkpt lat="35.454909" lon="133.04932"/>
    <trkpt lat="35.454875" lon="133.049307"/>
    <trkpt lat="35.454841" lon="133.049292"/>
    <trkpt lat="35.454806" lon="133.049278"/>
    <trkpt lat="35.454772" lon="133.049264"/>
    <trkpt lat="35.454738" lon="133.04925"/>
    <trkpt lat="35.454704" lon="133.049236"/>
    <trkpt lat="35.454669" lon="133.049222"/>
    <trkpt lat="35.454636" lon="133.049207"/>
    <trkpt lat="35.454602" lon="133.049193"/>
    <trkpt lat="35.454567" lon="133.04918"/>
    <trkpt lat="35.454533" lon="133.049165"/>
    <trkpt lat="35.454499" lon="133.049152"/>
    <trkpt lat="35.454465" lon="133.049138"/>
    <trkpt lat="35.45443" lon="133.049124"/>
    <trkpt lat="35.454396" lon="133.049109"/>
    <trkpt lat="35.454362" lon="133.049095"/>
    <trkpt lat="35.454328" lon="133.049081"/>
    <trkpt lat="35.454293" lon="133.049067"/>
    <trkpt lat="35.454259" lon="133.049053"/>
    <trkpt lat="35.454225" lon="133.049039"/>
    <trkpt lat="35.454191" lon="133.049025"/>
    <trkpt lat="35.454156" lon="133.049011"/>
    <trkpt lat="35.454122" lon="133.048998"/>
    <trkpt lat="35.454089" lon="133.048984"/>
    <trkpt lat="35.454055" lon="133.048969"/>
    <trkpt lat="35.45402" lon="133.048955"/>
    <trkpt lat="35.453986" lon="133.04894"/>
    <trkpt lat="35.453952" lon="133.048926"/>
    <trkpt lat="35.453918" lon="133.048912"/>
    <trkpt lat="35.453883" lon="133.048899"/>
    <trkpt lat="35.453849" lon="133.048884"/>
    <trkpt lat="35.453815" lon="133.048871"/>
    <trkpt lat="35.453781" lon="133.048857"/>
    <trkpt lat="35.453746" lon="133.048843"/>
    <trkpt lat="35.453713" lon="133.048829"/>
    <trkpt lat="35.453679" lon="133.048815"/>
    <trkpt lat="35.453645" lon="133.0488"/>
    <trkpt lat="35.45361" lon="133.048786"/>
    <trkpt lat="35.453576" lon="133.048772"/>
    <trkpt lat="35.453542" lon="133.048759"/>
    <trkpt lat="35.453508" lon="133.048745"/>
    <trkpt lat="35.453472" lon="133.048734"/>
    <trkpt lat="35.453437" lon="133.048725"/>
    <trkpt lat="35.453401" lon="133.048721"/>
    <trkpt lat="35.453365" lon="133.048722"/>
    <trkpt lat="35.45333" lon="133.048732"/>
    <trkpt lat="35.453298" lon="133.048751"/>
    <trkpt lat="35.45327" lon="133.048779"/>
    <trkpt lat="35.453248" lon="133.048814"/>
    <trkpt lat="35.453229" lon="133.048852"/>
    <trkpt lat="35.453214" lon="133.048892"/>
    <trkpt lat="35.453199" lon="133.048932"/>
    <trkpt lat="35.453187" lon="133.048974"/>
    <trkpt lat="35.453174" lon="133.049014"/>
    <trkpt lat="35.453161" lon="133.049056"/>
    <trkpt lat="35.453149" lon="133.049097"/>
    <trkpt lat="35.453136" lon="133.049139"/>
    <trkpt lat="35.453124" lon="133.04918"/>
    <trkpt lat="35.45311" lon="133.049221"/>
    <trkpt lat="35.453097" lon="133.049263"/>
    <trkpt lat="35.453084" lon="133.049303"/>
    <trkpt lat="35.453071" lon="133.049344"/>
    <trkpt lat="35.453059" lon="133.049385"/>
    <trkpt lat="35.453045" lon="133.049427"/>
    <trkpt lat="35.453033" lon="133.049468"/>
    <trkpt lat="35.45302" lon="133.04951"/>
    <trkpt lat="35.453006" lon="133.04955"/>
    <trkpt lat="35.452994" lon="133.049591"/>
    <trkpt lat="35.452981" lon="133.049633"/>
    <trkpt lat="35.452969" lon="133.049674"/>
    <trkpt lat="35.452956" lon="133.049716"/>
    <trkpt lat="35.452943" lon="133.049757"/>
    <trkpt lat="35.45293" lon="133.049797"/>
    <trkpt lat="35.452917" lon="133.049839"/>
    <trkpt lat="35.452905" lon="133.04988"/>
    <trkpt lat="35.452892" lon="133.049922"/>
    <trkpt lat="35.452879" lon="133.049963"/>
    <trkpt lat="35.452868" lon="133.050005"/>
    <trkpt lat="35.45286" lon="133.050048"/>
    <trkpt lat="35.452856" lon="133.050092"/>
    <trkpt lat="35.452856" lon="133.050136"/>
    <trkpt lat="35.452865" lon="133.050179"/>
    <trkpt lat="35.452882" lon="133.050218"/>
    <trkpt lat="35.452906" lon="133.05025"/>
    <trkpt lat="35.452934" lon="133.050277"/>
    <trkpt lat="35.452966" lon="133.050299"/>
    <trkpt lat="35.452997" lon="133.050319"/>
    <trkpt lat="35.453031" lon="133.050337"/>
    <trkpt lat="35.453064" lon="133.050353"/>
    <trkpt lat="35.453097" lon="133.05037"/>
    <trkpt lat="35.453132" lon="133.050385"/>
    <trkpt lat="35.453165" lon="133.050401"/>
    <trkpt lat="35.453199" lon="133.050416"/>
    <trkpt lat="35.453233" lon="133.050432"/>
    <trkpt lat="35.453267" lon="133.050447"/>
    <trkpt lat="35.4533" lon="133.050461"/>
    <trkpt lat="35.453334" lon="133.050477"/>
    <trkpt lat="35.453369" lon="133.050491"/>
    <trkpt lat="35.453402" lon="133.050507"/>
    <trkpt lat="35.453436" lon="133.050522"/>
    <trkpt lat="35.45347" lon="133.050536"/>
    <trkpt lat="35.453504" lon="133.050552"/>
    <trkpt lat="35.453537" lon="133.050567"/>
    <trkpt lat="35.453572" lon="133.050583"/>
    <trkpt lat="35.453605" lon="133.050599"/>
    <trkpt lat="35.453639" lon="133.050615"/>
    <trkpt lat="35.453672" lon="133.05063"/>
    <trkpt lat="35.453706" lon="133.050646"/>
    <trkpt lat="35.45374" lon="133.050661"/>
    <trkpt lat="35.453773" lon="133.050677"/>
    <trkpt lat="35.453808" lon="133.050692"/>
    <trkpt lat="35.453841" lon="133.050709"/>
    <trkpt lat="35.453873" lon="133.050727"/>
    <trkpt lat="35.453905" lon="133.050748"/>
    <trkpt lat="35.453935" lon="133.050774"/>
    <trkpt lat="35.453961" lon="133.050803"/>
    <trkpt lat="35.453982" lon="133.05084"/>
    <trkpt lat="35.453992" lon="133.050882"/>
    <trkpt lat="35.453995" lon="133.050926"/>
    <trkpt lat="35.453991" lon="133.050969"/>
    <trkpt lat="35.453982" lon="133.051012"/>
    <trkpt lat="35.453969" lon="133.051054"/>
    <trkpt lat="35.453955" lon="133.051095"/>
    <trkpt lat="35.453941" lon="133.051134"/>
    <trkpt lat="35.453928" lon="133.051176"/>
    <trkpt lat="35.453918" lon="133.051218"/>
    <trkpt lat="35.453911" lon="133.051261"/>
    <trkpt lat="35.453912" lon="133.051305"/>
    <trkpt lat="35.453925" lon="133.051346"/>
    <trkpt lat="35.453948" lon="133.05138"/>
    <trkpt lat="35.453979" lon="133.051402"/>
    <trkpt lat="35.454013" lon="133.051417"/>
    <trkpt lat="35.454048" lon="133.051423"/>
    <trkpt lat="35.454084" lon="133.051427"/>
    <trkpt lat="35.45412" lon="133.051425"/>
    <trkpt lat="35.454156" lon="133.051423"/>
    <trkpt lat="35.454193" lon="133.051419"/>
    <trkpt lat="35.454229" lon="133.051414"/>
    <trkpt lat="35.454264" lon="133.05141"/>
    <trkpt lat="35.4543" lon="133.051406"/>
    <trkpt lat="35.454336" lon="133.051402"/>
    <trkpt lat="35.454372" lon="133.051399"/>
    <trkpt lat="35.454408" lon="133.051397"/>
    <trkpt lat="35.454444" lon="133.051397"/>
    <trkpt lat="35.45448" lon="133.051398"/>
    <trkpt lat="35.454516" lon="133.051401"/>
    <trkpt lat="35.454552" lon="133.051406"/>
    <trkpt lat="35.454587" lon="133.051412"/>
    <trkpt lat="35.454623" lon="133.05142"/>
    <trkpt lat="35.454658" lon="133.051429"/>
    <trkpt lat="35.454693" lon="133.05144"/>
    <trkpt lat="35.454728" lon="133.051451"/>
    <trkpt lat="35.454762" lon="133.051464"/>
    <trkpt lat="35.454797" lon="133.051477"/>
    <trkpt lat="35.454832" lon="133.05149"/>
    <trkpt lat="35.454866" lon="133.051505"/>
    <trkpt lat="35.454899" lon="133.05152"/>
    <trkpt lat="35.454932" lon="133.051536"/>
    <trkpt lat="35.454966" lon="133.051552"/>
    <trkpt lat="35.454999" lon="133.05157"/>
    <trkpt lat="35.455032" lon="133.05159"/>
    <trkpt lat="35.455064" lon="133.05161"/>
    <trkpt lat="35.455095" lon="133.051632"/>
    <trkpt lat="35.455125" lon="133.051655"/>
    <trkpt lat="35.455155" lon="133.05168"/>
    <trkpt lat="35.455185" lon="133.051706"/>
    <trkpt lat="35.455213" lon="133.051733"/>
    <trkpt lat="35.45524" lon="133.051762"/>
    <trkpt lat="35.455267" lon="133.051792"/>
    <trkpt lat="35.455292" lon="133.051822"/>
    <trkpt lat="35.455316" lon="133.051856"/>
    <trkpt lat="35.455341" lon="133.051889"/>
    <trkpt lat="35.455363" lon="133.051923"/>
    <trkpt lat="35.455385" lon="133.051958"/>
    <trkpt lat="35.455406" lon="133.051993"/>
    <trkpt lat="35.455426" lon="133.052031"/>
    <trkpt lat="35.455445" lon="133.052067"/>
    <trkpt lat="35.455464" lon="133.052106"/>
    <trkpt lat="35.455482" lon="133.052143"/>
    <trkpt lat="35.4555" lon="133.052182"/>
    <trkpt lat="35.455518" lon="133.05222"/>
    <trkpt lat="35.455536" lon="133.052258"/>
    <trkpt lat="35.455554" lon="133.052297"/>
    <trkpt lat="35.455572" lon="133.052334"/>
    <trkpt lat="35.455591" lon="133.052372"/>
    <trkpt lat="35.455611" lon="133.052409"/>
    <trkpt lat="35.455631" lon="133.052446"/>
    <trkpt lat="35.455651" lon="133.052482"/>
    <trkpt lat="35.455672" lon="133.052518"/>
    <trkpt lat="35.455694" lon="133.052553"/>
    <trkpt lat="35.455717" lon="133.052588"/>
    <trkpt lat="35.455739" lon="133.052622"/>
    <trkpt lat="35.455763" lon="133.052655"/>
    <trkpt lat="35.455787" lon="133.052688"/>
    <trkpt lat="35.45581" lon="133.052721"/>
    <trkpt lat="35.455835" lon="133.052754"/>
    <trkpt lat="35.455859" lon="133.052786"/>
    <trkpt lat="35.455883" lon="133.05282"/>
    <trkpt lat="35.455907" lon="133.052853"/>
    <trkpt lat="35.45593" lon="133.052886"/>
    <trkpt lat="35.455954" lon="133.05292"/>
    <trkpt lat="35.455977" lon="133.052953"/>
    <trkpt lat="35.456" lon="133.052987"/>
    <trkpt lat="35.456022" lon="133.053022"/>
    <trkpt lat="35.456045" lon="133.053057"/>
    <trkpt lat="35.456067" lon="133.053091"/>
    <trkpt lat="35.45609" lon="133.053125"/>
    <trkpt lat="35.456113" lon="133.053159"/>
    <trkpt lat="35.456136" lon="133.053193"/>
    <trkpt lat="35.456158" lon="133.053229"/>
    <trkpt lat="35.456181" lon="133.053263"/>
    <trkpt lat="35.456203" lon="133.053297"/>
    <trkpt lat="35.456226" lon="133.053331"/>
    <trkpt lat="35.456248" lon="133.053365"/>
    <trkpt lat="35.456271" lon="133.0534"/>
    <trkpt lat="35.456294" lon="133.053434"/>
    <trkpt lat="35.456317" lon="133.053468"/>
    <trkpt lat="35.456339" lon="133.053502"/>
    <trkpt lat="35.456362" lon="133.053536"/>
    <trkpt lat="35.456384" lon="133.053571"/>
    <trkpt lat="35.456407" lon="133.053606"/>
    <trkpt lat="35.45643" lon="133.05364"/>
    <trkpt lat="35.456452" lon="133.053675"/>
    <trkpt lat="35.456474" lon="133.053711"/>
    <trkpt lat="35.456495" lon="133.053746"/>
    <trkpt lat="35.456516" lon="133.053781"/>
    <trkpt lat="35.456538" lon="133.053817"/>
    <trkpt lat="35.456558" lon="133.053853"/>
    <trkpt lat="35.45658" lon="133.053888"/>
    <trkpt lat="35.456602" lon="133.053924"/>
    <trkpt lat="35.456624" lon="133.053958"/>
    <trkpt lat="35.456647" lon="133.053992"/>
    <trkpt lat="35.45667" lon="133.054025"/>
    <trkpt lat="35.456695" lon="133.054058"/>
    <trkpt lat="35.456721" lon="133.054089"/>
    <trkpt lat="35.456747" lon="133.054119"/>
    <trkpt lat="35.456774" lon="133.054149"/>
    <trkpt lat="35.456803" lon="133.054175"/>
    <trkpt lat="35.456832" lon="133.054202"/>
    <trkpt lat="35.456861" lon="133.054226"/>
    <trkpt lat="35.456892" lon="133.05425"/>
    <trkpt lat="35.456923" lon="133.054272"/>
    <trkpt lat="35.456954" lon="133.054293"/>
    <trkpt lat="35.456987" lon="133.054314"/>
    <trkpt lat="35.457018" lon="133.054335"/>
    <trkpt lat="35.457051" lon="133.054356"/>
    <trkpt lat="35.457082" lon="133.054376"/>
    <trkpt lat="35.457115" lon="133.054396"/>
    <trkpt lat="35.457146" lon="133.054417"/>
    <trkpt lat="35.457178" lon="133.054438"/>
    <trkpt lat="35.45721" lon="133.054458"/>
    <trkpt lat="35.457242" lon="133.054478"/>
    <trkpt lat="35.457273" lon="133.054499"/>
    <trkpt lat="35.457306" lon="133.05452"/>
    <trkpt lat="35.457337" lon="133.05454"/>
    <trkpt lat="35.457369" lon="133.054561"/>
    <trkpt lat="35.457401" lon="133.054581"/>
    <trkpt lat="35.457434" lon="133.054601"/>
    <trkpt lat="35.457465" lon="133.054622"/>
    <trkpt lat="35.457498" lon="133.054642"/>
    <trkpt lat="35.45753" lon="133.054661"/>
    <trkpt lat="35.457562" lon="133.054681"/>
    <trkpt lat="35.457594" lon="133.054701"/>
    <trkpt lat="35.457626" lon="133.054721"/>
    <trkpt lat="35.457658" lon="133.054741"/>
    <trkpt lat="35.45769" lon="133.054762"/>
    <trkpt lat="35.457722" lon="133.054782"/>
    <trkpt lat="35.457754" lon="133.054802"/>
    <trkpt lat="35.457787" lon="133.054821"/>
    <trkpt lat="35.457819" lon="133.054841"/>
    <trkpt lat="35.457851" lon="133.05486"/>
    <trkpt lat="35.457883" lon="133.05488"/>
    <trkpt lat="35.457916" lon="133.0549"/>
    <trkpt lat="35.457948" lon="133.05492"/>
    <trkpt lat="35.457981" lon="133.054938"/>
    <trkpt lat="35.458013" lon="133.054958"/>
    <trkpt lat="35.458046" lon="133.054978"/>
    <trkpt lat="35.458077" lon="133.054998"/>
    <trkpt lat="35.45811" lon="133.055018"/>
    <trkpt lat="35.458142" lon="133.055038"/>
    <trkpt lat="35.458174" lon="133.055056"/>
    <trkpt lat="35.458207" lon="133.055076"/>
    <trkpt lat="35.458238" lon="133.055096"/>
    <trkpt lat="35.458271" lon="133.055116"/>
    <trkpt lat="35.458303" lon="133.055136"/>
    <trkpt lat="35.458336" lon="133.055156"/>
    <trkpt lat="35.458367" lon="133.055175"/>
    <trkpt lat="35.4584" lon="133.055195"/>
    <trkpt lat="35.458432" lon="133.055214"/>
    <trkpt lat="35.458465" lon="133.055234"/>
    <trkpt lat="35.458497" lon="133.055254"/>
    <trkpt lat="35.458529" lon="133.055274"/>
    <trkpt lat="35.458561" lon="133.055293"/>
    <trkpt lat="35.458594" lon="133.055312"/>
    <trkpt lat="35.458626" lon="133.055331"/>
    <trkpt lat="35.458659" lon="133.05535"/>
    <trkpt lat="35.458692" lon="133.055367"/>
    <trkpt lat="35.458725" lon="133.055385"/>
    <trkpt lat="35.458759" lon="133.055403"/>
    <trkpt lat="35.458791" lon="133.055421"/>
    <trkpt lat="35.458823" lon="133.055443"/>
    <trkpt lat="35.458851" lon="133.055469"/>
    <trkpt lat="35.458877" lon="133.055501"/>
    <trkpt lat="35.458897" lon="133.055537"/>
    <trkpt lat="35.458912" lon="133.055577"/>
    <trkpt lat="35.458923" lon="133.055619"/>
    <trkpt lat="35.458929" lon="133.055663"/>
    <trkpt lat="35.458932" lon="133.055706"/>
    <trkpt lat="35.458935" lon="133.05575"/>
    <trkpt lat="35.458936" lon="133.055794"/>
    <trkpt lat="35.458937" lon="133.055838"/>
    <trkpt lat="35.458937" lon="133.055882"/>
    <trkpt lat="35.458937" lon="133.055926"/>
    <trkpt lat="35.458937" lon="133.055971"/>
    <trkpt lat="35.458937" lon="133.056015"/>
    <trkpt lat="35.458937" lon="133.056059"/>
    <trkpt lat="35.458937" lon="133.056103"/>
    <trkpt lat="35.458937" lon="133.056147"/>
    <trkpt lat="35.458936" lon="133.056191"/>
    <trkpt lat="35.458935" lon="133.056235"/>
    <trkpt lat="35.458934" lon="133.056279"/>
    <trkpt lat="35.458932" lon="133.056324"/>
    <trkpt lat="35.45893" lon="133.056368"/>
    <trkpt lat="35.458928" lon="133.056412"/>
    <trkpt lat="35.458925" lon="133.056456"/>
    <trkpt lat="35.458923" lon="133.0565"/>
    <trkpt lat="35.458922" lon="133.056544"/>
    <trkpt lat="35.458921" lon="133.056588"/>
    <trkpt lat="35.45892" lon="133.056632"/>
    <trkpt lat="35.45892" lon="133.056676"/>
    <trkpt lat="35.458922" lon="133.056721"/>
    <trkpt lat="35.458924" lon="133.056765"/>
    <trkpt lat="35.458931" lon="133.056808"/>
    <trkpt lat="35.45894" lon="133.056851"/>
    <trkpt lat="35.458955" lon="133.05689"/>
    <trkpt lat="35.458976" lon="133.056927"/>
    <trkpt lat="35.459002" lon="133.056957"/>
    <trkpt lat="35.459033" lon="133.05698"/>
    <trkpt lat="35.459065" lon="133.056997"/>
    <trkpt lat="35.4591" lon="133.05701"/>
    <trkpt lat="35.459135" lon="133.057017"/>
    <trkpt lat="35.459171" lon="133.057024"/>
    <trkpt lat="35.459207" lon="133.057028"/>
    <trkpt lat="35.459243" lon="133.057032"/>
    <trkpt lat="35.459279" lon="133.057035"/>
    <trkpt lat="35.459315" lon="133.057038"/>
    <trkpt lat="35.459351" lon="133.057042"/>
    <trkpt lat="35.459387" lon="133.057044"/>
    <trkpt lat="35.459423" lon="133.057047"/>
    <trkpt lat="35.459459" lon="133.05705"/>
    <trkpt lat="35.459495" lon="133.057053"/>
    <trkpt lat="35.459531" lon="133.057055"/>
    <trkpt lat="35.459567" lon="133.057058"/>
    <trkpt lat="35.459603" lon="133.05706"/>
    <trkpt lat="35.459639" lon="133.057063"/>
    <trkpt lat="35.459674" lon="133.057065"/>
    <trkpt lat="35.45971" lon="133.057068"/>
    <trkpt lat="35.459746" lon="133.05707"/>
    <trkpt lat="35.459782" lon="133.057074"/>
    <trkpt lat="35.459818" lon="133.057076"/>
    <trkpt lat="35.459855" lon="133.057079"/>
    <trkpt lat="35.459891" lon="133.057081"/>
    <trkpt lat="35.459927" lon="133.057085"/>
    <trkpt lat="35.459963" lon="133.057087"/>
    <trkpt lat="35.459999" lon="133.05709"/>
    <trkpt lat="35.460035" lon="133.057092"/>
    <trkpt lat="35.460071" lon="133.057096"/>
    <trkpt lat="35.460106" lon="133.0571"/>
    <trkpt lat="35.460142" lon="133.057103"/>
    <trkpt lat="35.460178" lon="133.057107"/>
    <trkpt lat="35.460214" lon="133.05711"/>
    <trkpt lat="35.46025" lon="133.057114"/>
    <trkpt lat="35.460286" lon="133.057118"/>
    <trkpt lat="35.460322" lon="133.05712"/>
    <trkpt lat="35.460358" lon="133.057123"/>
    <trkpt lat="35.460394" lon="133.057126"/>
    <trkpt lat="35.46043" lon="133.057129"/>
    <trkpt lat="35.460466" lon="133.057132"/>
    <trkpt lat="35.460502" lon="133.057135"/>
    <trkpt lat="35.460538" lon="133.057138"/>
    <trkpt lat="35.460574" lon="133.057141"/>
    <trkpt lat="35.46061" lon="133.057143"/>
    <trkpt lat="35.460646" lon="133.057146"/>
    <trkpt lat="35.460682" lon="133.057149"/>
    <trkpt lat="35.460718" lon="133.057151"/>
    <trkpt lat="35.460754" lon="133.057153"/>
    <trkpt lat="35.46079" lon="133.057156"/>
    <trkpt lat="35.460826" lon="133.057158"/>
    <trkpt lat="35.460862" lon="133.057162"/>
    <trkpt lat="35.460897" lon="133.057164"/>
    <trkpt lat="35.460933" lon="133.057165"/>
    <trkpt lat="35.460969" lon="133.057166"/>
    <trkpt lat="35.461005" lon="133.057165"/>
    <trkpt lat="35.461042" lon="133.057163"/>
    <trkpt lat="35.461078" lon="133.05716"/>
    <trkpt lat="35.461114" lon="133.057154"/>
    <trkpt lat="35.46115" lon="133.057149"/>
    <trkpt lat="35.461185" lon="133.057142"/>
    <trkpt lat="35.461221" lon="133.057135"/>
    <trkpt lat="35.461256" lon="133.05713"/>
    <trkpt lat="35.461292" lon="133.057126"/>
    <trkpt lat="35.461328" lon="133.057125"/>
    <trkpt lat="35.461364" lon="133.057129"/>
    <trkpt lat="35.4614" lon="133.057136"/>
    <trkpt lat="35.461435" lon="133.057146"/>
    <trkpt lat="35.46147" lon="133.05716"/>
    <trkpt lat="35.461503" lon="133.057175"/>
    <trkpt lat="35.461537" lon="133.05719"/>
    <trkpt lat="35.461571" lon="133.057206"/>
    <trkpt lat="35.461605" lon="133.05722"/>
    <trkpt lat="35.461639" lon="133.057232"/>
    <trkpt lat="35.461674" lon="133.057241"/>
    <trkpt lat="35.46171" lon="133.057248"/>
    <trkpt lat="35.461746" lon="133.057251"/>
    <trkpt lat="35.461782" lon="133.057252"/>
    <trkpt lat="35.461818" lon="133.05725"/>
    <trkpt lat="35.461855" lon="133.057247"/>
    <trkpt lat="35.46189" lon="133.057242"/>
    <trkpt lat="35.461926" lon="133.057237"/>
    <trkpt lat="35.461962" lon="133.057231"/>
    <trkpt lat="35.461997" lon="133.057226"/>
    <trkpt lat="35.462033" lon="133.057219"/>
    <trkpt lat="35.462069" lon="133.057215"/>
    <trkpt lat="35.462105" lon="133.057209"/>
    <trkpt lat="35.46214" lon="133.057204"/>
    <trkpt lat="35.462176" lon="133.057198"/>
    <trkpt lat="35.462212" lon="133.057193"/>
    <trkpt lat="35.462247" lon="133.057187"/>
    <trkpt lat="35.462284" lon="133.057181"/>
    <trkpt lat="35.46232" lon="133.057175"/>
    <trkpt lat="35.462355" lon="133.057168"/>
    <trkpt lat="35.462391" lon="133.057163"/>
    <trkpt lat="35.462426" lon="133.057156"/>
    <trkpt lat="35.462462" lon="133.057151"/>
    <trkpt lat="35.462498" lon="133.057144"/>
    <trkpt lat="35.462533" lon="133.057139"/>
    <trkpt lat="35.462569" lon="133.057132"/>
    <trkpt lat="35.462605" lon="133.057126"/>
    <trkpt lat="35.46264" lon="133.057121"/>
    <trkpt lat="35.462677" lon="133.057114"/>
    <trkpt lat="35.462712" lon="133.057109"/>
    <trkpt lat="35.462748" lon="133.057103"/>
    <trkpt lat="35.462784" lon="133.057097"/>
    <trkpt lat="35.462819" lon="133.05709"/>
    <trkpt lat="35.462855" lon="133.057085"/>
    <trkpt lat="35.46289" lon="133.057078"/>
    <trkpt lat="35.462926" lon="133.057071"/>
    <trkpt lat="35.462961" lon="133.057064"/>
    <trkpt lat="35.462997" lon="133.057057"/>
    <trkpt lat="35.463033" lon="133.05705"/>
    <trkpt lat="35.463069" lon="133.057044"/>
    <trkpt lat="35.463105" lon="133.057036"/>
    <trkpt lat="35.46314" lon="133.057029"/>
    <trkpt lat="35.463176" lon="133.057023"/>
    <trkpt lat="35.463211" lon="133.057016"/>
    <trkpt lat="35.463247" lon="133.05701"/>
    <trkpt lat="35.463282" lon="133.057003"/>
    <trkpt lat="35.463318" lon="133.056997"/>
    <trkpt lat="35.463353" lon="133.056991"/>
    <trkpt lat="35.463389" lon="133.056984"/>
    <trkpt lat="35.463426" lon="133.056979"/>
    <trkpt lat="35.463461" lon="133.056972"/>
    <trkpt lat="35.463497" lon="133.056965"/>
    <trkpt lat="35.463532" lon="133.056959"/>
    <trkpt lat="35.463568" lon="133.056951"/>
    <trkpt lat="35.463603" lon="133.056945"/>
    <trkpt lat="35.463639" lon="133.056938"/>
    <trkpt lat="35.463674" lon="133.05693"/>
    <trkpt lat="35.46371" lon="133.056924"/>
    <trkpt lat="35.463745" lon="133.056918"/>
    <trkpt lat="35.463782" lon="133.056913"/>
    <trkpt lat="35.463818" lon="133.05691"/>
    <trkpt lat="35.463854" lon="133.056913"/>
    <trkpt lat="35.463889" lon="133.05692"/>
    <trkpt lat="35.463923" lon="133.056935"/>
    <trkpt lat="35.463954" lon="133.056957"/>
    <trkpt lat="35.463981" lon="133.056988"/>
    <trkpt lat="35.464001" lon="133.057023"/>
    <trkpt lat="35.464017" lon="133.057063"/>
    <trkpt lat="35.464028" lon="133.057104"/>
    <trkpt lat="35.464036" lon="133.057147"/>
    <trkpt lat="35.464042" lon="133.05719"/>
    <trkpt lat="35.464046" lon="133.057235"/>
    <trkpt lat="35.464048" lon="133.057279"/>
    <trkpt lat="35.464051" lon="133.057323"/>
    <trkpt lat="35.464054" lon="133.057367"/>
    <trkpt lat="35.464056" lon="133.057411"/>
    <trkpt lat="35.464057" lon="133.057455"/>
    <trkpt lat="35.464059" lon="133.057499"/>
    <trkpt lat="35.464061" lon="133.057543"/>
    <trkpt lat="35.464064" lon="133.057588"/>
    <trkpt lat="35.464065" lon="133.057632"/>
    <trkpt lat="35.464068" lon="133.057675"/>
    <trkpt lat="35.46407" lon="133.057719"/>
    <trkpt lat="35.464073" lon="133.057763"/>
    <trkpt lat="35.464074" lon="133.057807"/>
    <trkpt lat="35.464076" lon="133.057851"/>
    <trkpt lat="35.464078" lon="133.057895"/>
    <trkpt lat="35.464081" lon="133.057939"/>
    <trkpt lat="35.464083" lon="133.057983"/>
    <trkpt lat="35.464086" lon="133.058028"/>
    <trkpt lat="35.46409" lon="133.058072"/>
    <trkpt lat="35.464093" lon="133.058115"/>
    <trkpt lat="35.464097" lon="133.058159"/>
    <trkpt lat="35.464101" lon="133.058203"/>
    <trkpt lat="35.464105" lon="133.058247"/>
    <trkpt lat="35.46411" lon="133.05829"/>
    <trkpt lat="35.464113" lon="133.058334"/>
    <trkpt lat="35.464118" lon="133.058378"/>
    <trkpt lat="35.464122" lon="133.058422"/>
    <trkpt lat="35.464127" lon="133.058465"/>
    <trkpt lat="35.464132" lon="133.05851"/>
    <trkpt lat="35.464137" lon="133.058553"/>
    <trkpt lat="35.464142" lon="133.058597"/>
    <trkpt lat="35.464147" lon="133.058641"/>
    <trkpt lat="35.464153" lon="133.058684"/>
    <trkpt lat="35.464159" lon="133.058728"/>
    <trkpt lat="35.464165" lon="133.058771"/>
    <trkpt lat="35.464171" lon="133.058814"/>
    <trkpt lat="35.464177" lon="133.058858"/>
    <trkpt lat="35.464183" lon="133.058901"/>
    <trkpt lat="35.464189" lon="133.058945"/>
    <trkpt lat="35.464195" lon="133.058988"/>
    <trkpt lat="35.464202" lon="133.059031"/>
    <trkpt lat="35.464209" lon="133.059075"/>
    <trkpt lat="35.464215" lon="133.059118"/>
    <trkpt lat="35.464221" lon="133.059163"/>
    <trkpt lat="35.464228" lon="133.059206"/>
    <trkpt lat="35.464235" lon="133.059249"/>
    <trkpt lat="35.464241" lon="133.059292"/>
    <trkpt lat="35.464248" lon="133.059336"/>
    <trkpt lat="35.464256" lon="133.059379"/>
    <trkpt lat="35.464262" lon="133.059422"/>
    <trkpt lat="35.464269" lon="133.059465"/>
    <trkpt lat="35.464276" lon="133.059509"/>
    <trkpt lat="35.464283" lon="133.059552"/>
    <trkpt lat="35.464289" lon="133.059595"/>
    <trkpt lat="35.464295" lon="133.059639"/>
    <trkpt lat="35.464302" lon="133.059682"/>
    <trkpt lat="35.464307" lon="133.059726"/>
    <trkpt lat="35.464313" lon="133.059769"/>
    <trkpt lat="35.464319" lon="133.059813"/>
    <trkpt lat="35.464323" lon="133.059856"/>
    <trkpt lat="35.464329" lon="133.0599"/>
    <trkpt lat="35.464334" lon="133.059944"/>
    <trkpt lat="35.464339" lon="133.059988"/>
    <trkpt lat="35.464344" lon="133.060032"/>
    <trkpt lat="35.464349" lon="133.060075"/>
    <trkpt lat="35.464354" lon="133.060119"/>
    <trkpt lat="35.464359" lon="133.060163"/>
    <trkpt lat="35.464365" lon="133.060206"/>
    <trkpt lat="35.464369" lon="133.06025"/>
    <trkpt lat="35.464375" lon="133.060293"/>
    <trkpt lat="35.46438" lon="133.060337"/>
    <trkpt lat="35.464385" lon="133.06038"/>
    <trkpt lat="35.464391" lon="133.060424"/>
    <trkpt lat="35.464396" lon="133.060467"/>
    <trkpt lat="35.464402" lon="133.060511"/>
    <trkpt lat="35.464408" lon="133.060554"/>
    <trkpt lat="35.464413" lon="133.060599"/>
    <trkpt lat="35.464419" lon="133.060642"/>
    <trkpt lat="35.464424" lon="133.060686"/>
    <trkpt lat="35.46443" lon="133.06073"/>
    <trkpt lat="35.464435" lon="133.060773"/>
    <trkpt lat="35.46444" lon="133.060817"/>
    <trkpt lat="35.464446" lon="133.06086"/>
    <trkpt lat="35.464451" lon="133.060904"/>
    <trkpt lat="35.464456" lon="133.060947"/>
    <trkpt lat="35.464461" lon="133.060991"/>
    <trkpt lat="35.464467" lon="133.061035"/>
    <trkpt lat="35.464471" lon="133.061078"/>
    <trkpt lat="35.464476" lon="133.061122"/>
    <trkpt lat="35.464482" lon="133.061165"/>
    <trkpt lat="35.464487" lon="133.06121"/>
    <trkpt lat="35.464492" lon="133.061254"/>
    <trkpt lat="35.464498" lon="133.061297"/>
    <trkpt lat="35.464504" lon="133.06134"/>
    <trkpt lat="35.464511" lon="133.061384"/>
    <trkpt lat="35.464518" lon="133.061427"/>
    <trkpt lat="35.464525" lon="133.06147"/>
    <trkpt lat="35.464533" lon="133.061513"/>
    <trkpt lat="35.464541" lon="133.061556"/>
    <trkpt lat="35.464549" lon="133.061599"/>
    <trkpt lat="35.464556" lon="133.061642"/>
    <trkpt lat="35.464563" lon="133.061686"/>
    <trkpt lat="35.464569" lon="133.061729"/>
    <trkpt lat="35.464576" lon="133.061772"/>
    <trkpt lat="35.464582" lon="133.061816"/>
    <trkpt lat="35.464588" lon="133.061859"/>
    <trkpt lat="35.464594" lon="133.061903"/>
    <trkpt lat="35.464598" lon="133.061946"/>
    <trkpt lat="35.464604" lon="133.06199"/>
    <trkpt lat="35.464607" lon="133.062035"/>
    <trkpt lat="35.46461" lon="133.062079"/>
    <trkpt lat="35.464613" lon="133.062123"/>
    <trkpt lat="35.464613" lon="133.062167"/>
    <trkpt lat="35.464614" lon="133.062211"/>
    <trkpt lat="35.464615" lon="133.062255"/>
    <trkpt lat="35.464616" lon="133.062299"/>
    <trkpt lat="35.464617" lon="133.062343"/>
    <trkpt lat="35.464619" lon="133.062386"/>
    <trkpt lat="35.464622" lon="133.062431"/>
    <trkpt lat="35.464625" lon="133.062475"/>
    <trkpt lat="35.46463" lon="133.062519"/>
    <trkpt lat="35.464631" lon="133.062531"/>
  </trkseg></trk>
</gpx>
