{
 "type": "FeatureCollection",
 "name": "Matsue Kart course",
 "features": [
  {
   "type": "Feature",
   "properties": {
    "name": "松江グランプリ コース",
    "length_m": 9637,
    "stroke": "#e63946",
    "stroke-width": 5
   },
   "geometry": {
    "type": "LineString",
    "coordinates": [
     [
      133.062531,
      35.464631
     ],
     [
      133.062575,
      35.464637
     ],
     [
      133.062618,
      35.464642
     ],
     [
      133.062661,
      35.464649
     ],
     [
      133.062705,
      35.464655
     ],
     [
      133.062748,
      35.464661
     ],
     [
      133.062792,
      35.464668
     ],
     [
      133.062835,
      35.464673
     ],
     [
      133.062879,
      35.464679
     ],
     [
      133.062922,
      35.464685
     ],
     [
      133.062965,
      35.464691
     ],
     [
      133.06301,
      35.464697
     ],
     [
      133.063053,
      35.464703
     ],
     [
      133.063097,
      35.464709
     ],
     [
      133.06314,
      35.464714
     ],
     [
      133.063184,
      35.464721
     ],
     [
      133.063227,
      35.464726
     ],
     [
      133.063271,
      35.464732
     ],
     [
      133.063314,
      35.464737
     ],
     [
      133.063358,
      35.464742
     ],
     [
      133.063401,
      35.464749
     ],
     [
      133.063445,
      35.464754
     ],
     [
      133.063488,
      35.464759
     ],
     [
      133.063532,
      35.464765
     ],
     [
      133.063575,
      35.46477
     ],
     [
      133.063619,
      35.464776
     ],
     [
      133.063664,
      35.464781
     ],
     [
      133.063707,
      35.464786
     ],
     [
      133.063751,
      35.464792
     ],
     [
      133.063794,
      35.464796
     ],
     [
      133.063838,
      35.464801
     ],
     [
      133.063882,
      35.464805
     ],
     [
      133.063926,
      35.464808
     ],
     [
      133.063969,
      35.464812
     ],
     [
      133.064013,
      35.464814
     ],
     [
      133.064057,
      35.464817
     ],
     [
      133.064101,
      35.464821
     ],
     [
      133.064146,
      35.464823
     ],
     [
      133.06419,
      35.464828
     ],
     [
      133.064233,
      35.464832
     ],
     [
      133.064277,
      35.464836
     ],
     [
      133.064321,
      35.464841
     ],
     [
      133.064364,
      35.464847
     ],
     [
      133.064408,
      35.464852
     ],
     [
      133.064451,
      35.464858
     ],
     [
      133.064495,
      35.464863
     ],
     [
      133.064538,
      35.464868
     ],
     [
      133.064582,
      35.464874
     ],
     [
      133.064625,
      35.464879
     ],
     [
      133.064669,
      35.464885
     ],
     [
      133.064712,
      35.464891
     ],
     [
      133.064757,
      35.464896
     ],
     [
      133.0648,
      35.464903
     ],
     [
      133.064843,
      35.464911
     ],
     [
      133.064886,
      35.464922
     ],
     [
      133.064925,
      35.464935
     ],
     [
      133.064964,
      35.464954
     ],
     [
      133.064996,
      35.464978
     ],
     [
      133.065022,
      35.465006
     ],
     [
      133.065041,
      35.46504
     ],
     [
      133.065053,
      35.465074
     ],
     [
      133.065061,
      35.465109
     ],
     [
      133.065064,
      35.465145
     ],
     [
      133.065067,
      35.465181
     ],
     [
      133.065068,
      35.465217
     ],
     [
      133.065068,
      35.465253
     ],
     [
      133.065069,
      35.465289
     ],
     [
      133.06507,
      35.465325
     ],
     [
      133.065071,
      35.465362
     ],
     [
      133.065073,
      35.465398
     ],
     [
      133.065075,
      35.465434
     ],
     [
      133.065079,
      35.46547
     ],
     [
      133.065081,
      35.465506
     ],
     [
      133.065084,
      35.465542
     ],
     [
      133.065086,
      35.465578
     ],
     [
      133.065087,
      35.465614
     ],
     [
      133.065089,
      35.46565
     ],
     [
      133.06509,
      35.465686
     ],
     [
      133.065091,
      35.465722
     ],
     [
      133.065092,
      35.465758
     ],
     [
      133.065093,
      35.465794
     ],
     [
      133.065095,
      35.46583
     ],
     [
      133.065097,
      35.465866
     ],
     [
      133.065101,
      35.465901
     ],
     [
      133.065103,
      35.465937
     ],
     [
      133.065106,
      35.465974
     ],
     [
      133.065108,
      35.46601
     ],
     [
      133.065111,
      35.466046
     ],
     [
      133.065113,
      35.466082
     ],
     [
      133.065115,
      35.466118
     ],
     [
      133.065117,
      35.466154
     ],
     [
      133.065119,
      35.46619
     ],
     [
      133.065123,
      35.466226
     ],
     [
      133.065125,
      35.466262
     ],
     [
      133.065128,
      35.466298
     ],
     [
      133.065131,
      35.466334
     ],
     [
      133.065133,
      35.46637
     ],
     [
      133.065135,
      35.466406
     ],
     [
      133.065137,
      35.466442
     ],
     [
      133.065139,
      35.466478
     ],
     [
      133.065142,
      35.466513
     ],
     [
      133.065145,
      35.466549
     ],
     [
      133.065147,
      35.466585
     ],
     [
      133.06515,
      35.466622
     ],
     [
      133.065153,
      35.466658
     ],
     [
      133.065155,
      35.466694
     ],
     [
      133.065156,
      35.46673
     ],
     [
      133.065158,
      35.466766
     ],
     [
      133.06516,
      35.466802
     ],
     [
      133.065162,
      35.466838
     ],
     [
      133.065165,
      35.466874
     ],
     [
      133.065168,
      35.46691
     ],
     [
      133.065171,
      35.466946
     ],
     [
      133.065174,
      35.466982
     ],
     [
      133.065177,
      35.467018
     ],
     [
      133.06518,
      35.467053
     ],
     [
      133.065182,
      35.467089
     ],
     [
      133.065186,
      35.467125
     ],
     [
      133.065189,
      35.467161
     ],
     [
      133.065191,
      35.467197
     ],
     [
      133.065194,
      35.467234
     ],
     [
      133.065197,
      35.46727
     ],
     [
      133.065199,
      35.467306
     ],
     [
      133.065201,
      35.467342
     ],
     [
      133.065203,
      35.467378
     ],
     [
      133.065206,
      35.467414
     ],
     [
      133.065208,
      35.46745
     ],
     [
      133.065211,
      35.467486
     ],
     [
      133.065213,
      35.467522
     ],
     [
      133.065217,
      35.467557
     ],
     [
      133.065219,
      35.467593
     ],
     [
      133.065222,
      35.467629
     ],
     [
      133.065224,
      35.467665
     ],
     [
      133.065226,
      35.467701
     ],
     [
      133.06523,
      35.467737
     ],
     [
      133.065233,
      35.467773
     ],
     [
      133.065235,
      35.467809
     ],
     [
      133.065239,
      35.467846
     ],
     [
      133.065241,
      35.467882
     ],
     [
      133.065243,
      35.467918
     ],
     [
      133.065245,
      35.467954
     ],
     [
      133.065247,
      35.46799
     ],
     [
      133.06525,
      35.468026
     ],
     [
      133.065252,
      35.468061
     ],
     [
      133.065255,
      35.468097
     ],
     [
      133.065257,
      35.468133
     ],
     [
      133.065261,
      35.468169
     ],
     [
      133.065263,
      35.468205
     ],
     [
      133.065265,
      35.468241
     ],
     [
      133.065267,
      35.468277
     ],
     [
      133.065269,
      35.468313
     ],
     [
      133.065273,
      35.468349
     ],
     [
      133.065275,
      35.468385
     ],
     [
      133.065278,
      35.468421
     ],
     [
      133.065281,
      35.468458
     ],
     [
      133.065283,
      35.468494
     ],
     [
      133.065285,
      35.46853
     ],
     [
      133.065286,
      35.468566
     ],
     [
      133.065287,
      35.468602
     ],
     [
      133.065288,
      35.468638
     ],
     [
      133.065288,
      35.468674
     ],
     [
      133.065289,
      35.46871
     ],
     [
      133.06529,
      35.468746
     ],
     [
      133.065293,
      35.468782
     ],
     [
      133.065295,
      35.468817
     ],
     [
      133.065297,
      35.468853
     ],
     [
      133.0653,
      35.468889
     ],
     [
      133.065303,
      35.468925
     ],
     [
      133.065305,
      35.468961
     ],
     [
      133.065307,
      35.468997
     ],
     [
      133.065308,
      35.469033
     ],
     [
      133.065309,
      35.469069
     ],
     [
      133.06531,
      35.469106
     ],
     [
      133.06531,
      35.469142
     ],
     [
      133.065311,
      35.469178
     ],
     [
      133.065311,
      35.469214
     ],
     [
      133.065311,
      35.46925
     ],
     [
      133.06531,
      35.469286
     ],
     [
      133.06531,
      35.469322
     ],
     [
      133.065308,
      35.469358
     ],
     [
      133.065306,
      35.469394
     ],
     [
      133.065304,
      35.46943
     ],
     [
      133.0653,
      35.469466
     ],
     [
      133.065297,
      35.469502
     ],
     [
      133.065294,
      35.469538
     ],
     [
      133.065292,
      35.469574
     ],
     [
      133.065288,
      35.469609
     ],
     [
      133.065285,
      35.469645
     ],
     [
      133.065283,
      35.469681
     ],
     [
      133.065279,
      35.469718
     ],
     [
      133.065276,
      35.469754
     ],
     [
      133.065272,
      35.46979
     ],
     [
      133.065268,
      35.469826
     ],
     [
      133.065264,
      35.469862
     ],
     [
      133.06526,
      35.469897
     ],
     [
      133.065255,
      35.469933
     ],
     [
      133.065251,
      35.469969
     ],
     [
      133.065246,
      35.470005
     ],
     [
      133.065241,
      35.470041
     ],
     [
      133.065235,
      35.470076
     ],
     [
      133.06523,
      35.470112
     ],
     [
      133.065224,
      35.470148
     ],
     [
      133.065219,
      35.470184
     ],
     [
      133.065212,
      35.47022
     ],
     [
      133.065206,
      35.470255
     ],
     [
      133.065198,
      35.470291
     ],
     [
      133.065189,
      35.470326
     ],
     [
      133.065179,
      35.470361
     ],
     [
      133.065165,
      35.470395
     ],
     [
      133.065147,
      35.470428
     ],
     [
      133.065124,
      35.470458
     ],
     [
      133.065095,
      35.470485
     ],
     [
      133.06506,
      35.470508
     ],
     [
      133.065021,
      35.470524
     ],
     [
      133.064979,
      35.470537
     ],
     [
      133.064936,
      35.470545
     ],
     [
      133.064893,
      35.470551
     ],
     [
      133.064849,
      35.470556
     ],
     [
      133.064805,
      35.470559
     ],
     [
      133.064762,
      35.470562
     ],
     [
      133.064718,
      35.470565
     ],
     [
      133.064674,
      35.470567
     ],
     [
      133.06463,
      35.47057
     ],
     [
      133.064586,
      35.470574
     ],
     [
      133.064542,
      35.470576
     ],
     [
      133.064497,
      35.470579
     ],
     [
      133.064453,
      35.470582
     ],
     [
      133.064409,
      35.470585
     ],
     [
      133.064366,
      35.470587
     ],
     [
      133.064322,
      35.47059
     ],
     [
      133.064278,
      35.470593
     ],
     [
      133.064234,
      35.470596
     ],
     [
      133.06419,
      35.470599
     ],
     [
      133.064146,
      35.470602
     ],
     [
      133.064101,
      35.470604
     ],
     [
      133.064057,
      35.470608
     ],
     [
      133.064014,
      35.470611
     ],
     [
      133.06397,
      35.470613
     ],
     [
      133.063926,
      35.470616
     ],
     [
      133.063882,
      35.470618
     ],
     [
      133.063838,
      35.470621
     ],
     [
      133.063794,
      35.470623
     ],
     [
      133.06375,
      35.470626
     ],
     [
      133.063706,
      35.470629
     ],
     [
      133.063661,
      35.470631
     ],
     [
      133.063618,
      35.470633
     ],
     [
      133.063574,
      35.470636
     ],
     [
      133.06353,
      35.470639
     ],
     [
      133.063486,
      35.470642
     ],
     [
      133.063442,
      35.470645
     ],
     [
      133.063398,
      35.470649
     ],
     [
      133.063354,
      35.470652
     ],
     [
      133.063311,
      35.470657
     ],
     [
      133.063267,
      35.470661
     ],
     [
      133.063222,
      35.470665
     ],
     [
      133.063179,
      35.470669
     ],
     [
      133.063135,
      35.470675
     ],
     [
      133.063091,
      35.470679
     ],
     [
      133.063048,
      35.470686
     ],
     [
      133.063004,
      35.470691
     ],
     [
      133.062961,
      35.470697
     ],
     [
      133.062918,
      35.470704
     ],
     [
      133.062874,
      35.470708
     ],
     [
      133.06283,
      35.470713
     ],
     [
      133.062786,
      35.470715
     ],
     [
      133.062742,
      35.470716
     ],
     [
      133.062697,
      35.470716
     ],
     [
      133.062653,
      35.470715
     ],
     [
      133.062609,
      35.470713
     ],
     [
      133.062565,
      35.470712
     ],
     [
      133.062522,
      35.470709
     ],
     [
      133.062478,
      35.470707
     ],
     [
      133.062434,
      35.470704
     ],
     [
      133.06239,
      35.470703
     ],
     [
      133.062346,
      35.4707
     ],
     [
      133.062301,
      35.470698
     ],
     [
      133.062257,
      35.470695
     ],
     [
      133.062213,
      35.470694
     ],
     [
      133.062169,
      35.470693
     ],
     [
      133.062125,
      35.470691
     ],
     [
      133.062081,
      35.470691
     ],
     [
      133.062037,
      35.47069
     ],
     [
      133.061993,
      35.47069
     ],
     [
      133.061949,
      35.47069
     ],
     [
      133.061904,
      35.470691
     ],
     [
      133.06186,
      35.470692
     ],
     [
      133.061816,
      35.470694
     ],
     [
      133.061772,
      35.470696
     ],
     [
      133.061728,
      35.4707
     ],
     [
      133.061685,
      35.470704
     ],
     [
      133.061641,
      35.470708
     ],
     [
      133.061597,
      35.470712
     ],
     [
      133.061553,
      35.470716
     ],
     [
      133.06151,
      35.470719
     ],
     [
      133.061465,
      35.470722
     ],
     [
      133.061421,
      35.470723
     ],
     [
      133.061377,
      35.470725
     ],
     [
      133.061333,
      35.470725
     ],
     [
      133.061289,
      35.470725
     ],
     [
      133.061245,
      35.470724
     ],
     [
      133.061201,
      35.470722
     ],
     [
      133.061157,
      35.470721
     ],
     [
      133.061113,
      35.470719
     ],
     [
      133.061068,
      35.470716
     ],
     [
      133.061024,
      35.470713
     ],
     [
      133.06098,
      35.470712
     ],
     [
      133.060936,
      35.470709
     ],
     [
      133.060892,
      35.470706
     ],
     [
      133.060849,
      35.470703
     ],
     [
      133.060805,
      35.470698
     ],
     [
      133.060761,
      35.470693
     ],
     [
      133.060718,
      35.470687
     ],
     [
      133.060674,
      35.470681
     ],
     [
      133.060631,
      35.470675
     ],
     [
      133.060588,
      35.470669
     ],
     [
      133.060543,
      35.470664
     ],
     [
      133.060499,
      35.47066
     ],
     [
      133.060455,
      35.470657
     ],
     [
      133.060411,
      35.470654
     ],
     [
      133.060368,
      35.470652
     ],
     [
      133.060324,
      35.47065
     ],
     [
      133.06028,
      35.470648
     ],
     [
      133.060236,
      35.470645
     ],
     [
      133.060192,
      35.470643
     ],
     [
      133.060147,
      35.47064
     ],
     [
      133.060103,
      35.470638
     ],
     [
      133.060059,
      35.470635
     ],
     [
      133.060015,
      35.470632
     ],
     [
      133.059971,
      35.470631
     ],
     [
      133.059927,
      35.470628
     ],
     [
      133.059884,
      35.470625
     ],
     [
      133.05984,
      35.470622
     ],
     [
      133.059796,
      35.470621
     ],
     [
      133.059751,
      35.470619
     ],
     [
      133.059707,
      35.470616
     ],
     [
      133.059663,
      35.470613
     ],
     [
      133.059619,
      35.470611
     ],
     [
      133.059575,
      35.470607
     ],
     [
      133.059532,
      35.470604
     ],
     [
      133.059488,
      35.470599
     ],
     [
      133.059444,
      35.470594
     ],
     [
      133.059401,
      35.470587
     ],
     [
      133.059358,
      35.47058
     ],
     [
      133.059315,
      35.470572
     ],
     [
      133.059272,
      35.470562
     ],
     [
      133.05923,
      35.470552
     ],
     [
      133.059188,
      35.47054
     ],
     [
      133.059146,
      35.470529
     ],
     [
      133.059105,
      35.470515
     ],
     [
      133.059064,
      35.470501
     ],
     [
      133.059025,
      35.470486
     ],
     [
      133.058985,
      35.47047
     ],
     [
      133.058945,
      35.470454
     ],
     [
      133.058907,
      35.470437
     ],
     [
      133.058869,
      35.470419
     ],
     [
      133.058831,
      35.4704
     ],
     [
      133.058793,
      35.470382
     ],
     [
      133.058754,
      35.470363
     ],
     [
      133.058717,
      35.470346
     ],
     [
      133.058677,
      35.470329
     ],
     [
      133.058638,
      35.470312
     ],
     [
      133.058598,
      35.470298
     ],
     [
      133.058556,
      35.470286
     ],
     [
      133.058514,
      35.470276
     ],
     [
      133.05847,
      35.470269
     ],
     [
      133.058427,
      35.470265
     ],
     [
      133.058383,
      35.470261
     ],
     [
      133.058339,
      35.470259
     ],
     [
      133.058295,
      35.470258
     ],
     [
      133.05825,
      35.470258
     ],
     [
      133.058206,
      35.470259
     ],
     [
      133.058162,
      35.470261
     ],
     [
      133.058118,
      35.470263
     ],
     [
      133.058074,
      35.470265
     ],
     [
      133.05803,
      35.470267
     ],
     [
      133.057986,
      35.470269
     ],
     [
      133.057942,
      35.470271
     ],
     [
      133.057897,
      35.470272
     ],
     [
      133.057853,
      35.470273
     ],
     [
      133.057809,
      35.470272
     ],
     [
      133.057765,
      35.470271
     ],
     [
      133.057721,
      35.470269
     ],
     [
      133.057678,
      35.470267
     ],
     [
      133.057634,
      35.470265
     ],
     [
      133.05759,
      35.470262
     ],
     [
      133.057546,
      35.470259
     ],
     [
      133.057501,
      35.470257
     ],
     [
      133.057457,
      35.470254
     ],
     [
      133.057413,
      35.47025
     ],
     [
      133.057369,
      35.470247
     ],
     [
      133.057326,
      35.470243
     ],
     [
      133.057282,
      35.470238
     ],
     [
      133.057238,
      35.470234
     ],
     [
      133.057195,
      35.470229
     ],
     [
      133.057151,
      35.470224
     ],
     [
      133.057107,
      35.47022
     ],
     [
      133.057064,
      35.470215
     ],
     [
      133.05702,
      35.470211
     ],
     [
      133.056975,
      35.470206
     ],
     [
      133.056932,
      35.470201
     ],
     [
      133.056888,
      35.470196
     ],
     [
      133.056844,
      35.470191
     ],
     [
      133.056801,
      35.470185
     ],
     [
      133.056757,
      35.470179
     ],
     [
      133.056714,
      35.470174
     ],
     [
      133.056671,
      35.470166
     ],
     [
      133.056627,
      35.47016
     ],
     [
      133.056584,
      35.470155
     ],
     [
      133.05654,
      35.470149
     ],
     [
      133.056497,
      35.470144
     ],
     [
      133.056453,
      35.47014
     ],
     [
      133.056408,
      35.470137
     ],
     [
      133.056364,
      35.470135
     ],
     [
      133.05632,
      35.470133
     ],
     [
      133.056276,
      35.470132
     ],
     [
      133.056232,
      35.470131
     ],
     [
      133.056188,
      35.470131
     ],
     [
      133.056144,
      35.470131
     ],
     [
      133.0561,
      35.470131
     ],
     [
      133.056056,
      35.470131
     ],
     [
      133.056011,
      35.470131
     ],
     [
      133.055967,
      35.470131
     ],
     [
      133.055923,
      35.470131
     ],
     [
      133.055879,
      35.470131
     ],
     [
      133.055835,
      35.470131
     ],
     [
      133.055791,
      35.470131
     ],
     [
      133.055747,
      35.470131
     ],
     [
      133.055703,
      35.470131
     ],
     [
      133.055658,
      35.47013
     ],
     [
      133.055614,
      35.47013
     ],
     [
      133.05557,
      35.470129
     ],
     [
      133.055526,
      35.470128
     ],
     [
      133.055482,
      35.470126
     ],
     [
      133.055438,
      35.470123
     ],
     [
      133.055395,
      35.470121
     ],
     [
      133.055351,
      35.470119
     ],
     [
      133.055307,
      35.470117
     ],
     [
      133.055263,
      35.470116
     ],
     [
      133.055218,
      35.470115
     ],
     [
      133.055174,
      35.470115
     ],
     [
      133.05513,
      35.470116
     ],
     [
      133.055086,
      35.470117
     ],
     [
      133.055042,
      35.470119
     ],
     [
      133.054998,
      35.470121
     ],
     [
      133.054954,
      35.470123
     ],
     [
      133.05491,
      35.470126
     ],
     [
      133.054865,
      35.470128
     ],
     [
      133.054821,
      35.470129
     ],
     [
      133.054777,
      35.47013
     ],
     [
      133.054733,
      35.470131
     ],
     [
      133.054689,
      35.470133
     ],
     [
      133.054645,
      35.470134
     ],
     [
      133.054601,
      35.470136
     ],
     [
      133.054557,
      35.470138
     ],
     [
      133.054513,
      35.47014
     ],
     [
      133.05447,
      35.470142
     ],
     [
      133.054425,
      35.470145
     ],
     [
      133.054381,
      35.470147
     ],
     [
      133.054337,
      35.470148
     ],
     [
      133.054293,
      35.470149
     ],
     [
      133.054249,
      35.470151
     ],
     [
      133.054205,
      35.470153
     ],
     [
      133.054161,
      35.470155
     ],
     [
      133.054117,
      35.470157
     ],
     [
      133.054072,
      35.470159
     ],
     [
      133.054028,
      35.470162
     ],
     [
      133.053984,
      35.470164
     ],
     [
      133.05394,
      35.470165
     ],
     [
      133.053896,
      35.470167
     ],
     [
      133.053852,
      35.470169
     ],
     [
      133.053808,
      35.470171
     ],
     [
      133.053764,
      35.470173
     ],
     [
      133.05372,
      35.470175
     ],
     [
      133.053677,
      35.470177
     ],
     [
      133.053632,
      35.47018
     ],
     [
      133.053588,
      35.470182
     ],
     [
      133.053544,
      35.470184
     ],
     [
      133.0535,
      35.470185
     ],
     [
      133.053456,
      35.470188
     ],
     [
      133.053412,
      35.47019
     ],
     [
      133.053368,
      35.470192
     ],
     [
      133.053324,
      35.470194
     ],
     [
      133.053279,
      35.470196
     ],
     [
      133.053235,
      35.470199
     ],
     [
      133.053191,
      35.470201
     ],
     [
      133.053147,
      35.470202
     ],
     [
      133.053103,
      35.470204
     ],
     [
      133.05306,
      35.470207
     ],
     [
      133.053016,
      35.470209
     ],
     [
      133.052972,
      35.470211
     ],
     [
      133.052928,
      35.470213
     ],
     [
      133.052883,
      35.470216
     ],
     [
      133.052839,
      35.470219
     ],
     [
      133.052795,
      35.470222
     ],
     [
      133.052751,
      35.470225
     ],
     [
      133.052707,
      35.470228
     ],
     [
      133.052663,
      35.47023
     ],
     [
      133.05262,
      35.470232
     ],
     [
      133.052576,
      35.470235
     ],
     [
      133.052532,
      35.470237
     ],
     [
      133.052488,
      35.470238
     ],
     [
      133.052443,
      35.47024
     ],
     [
      133.052399,
      35.470243
     ],
     [
      133.052355,
      35.470245
     ],
     [
      133.052311,
      35.470247
     ],
     [
      133.052267,
      35.47025
     ],
     [
      133.052223,
      35.470255
     ],
     [
      133.05218,
      35.470261
     ],
     [
      133.052137,
      35.470269
     ],
     [
      133.052096,
      35.470283
     ],
     [
      133.052057,
      35.470301
     ],
     [
      133.052025,
      35.470325
     ],
     [
      133.052001,
      35.470355
     ],
     [
      133.051982,
      35.470387
     ],
     [
      133.05197,
      35.470422
     ],
     [
      133.051963,
      35.470458
     ],
     [
      133.051956,
      35.470494
     ],
     [
      133.051953,
      35.47053
     ],
     [
      133.051949,
      35.470565
     ],
     [
      133.051947,
      35.470601
     ],
     [
      133.051945,
      35.470637
     ],
     [
      133.051944,
      35.470673
     ],
     [
      133.051943,
      35.470709
     ],
     [
      133.051943,
      35.470745
     ],
     [
      133.051943,
      35.470781
     ],
     [
      133.051943,
      35.470817
     ],
     [
      133.051943,
      35.470853
     ],
     [
      133.051943,
      35.470889
     ],
     [
      133.051943,
      35.470925
     ],
     [
      133.051943,
      35.470961
     ],
     [
      133.051943,
      35.470997
     ],
     [
      133.051943,
      35.471033
     ],
     [
      133.051943,
      35.471069
     ],
     [
      133.051943,
      35.471106
     ],
     [
      133.051943,
      35.471142
     ],
     [
      133.051943,
      35.471178
     ],
     [
      133.051943,
      35.471214
     ],
     [
      133.051943,
      35.47125
     ],
     [
      133.051944,
      35.471286
     ],
     [
      133.051944,
      35.471322
     ],
     [
      133.051945,
      35.471358
     ],
     [
      133.051947,
      35.471394
     ],
     [
      133.051949,
      35.47143
     ],
     [
      133.051952,
      35.471466
     ],
     [
      133.051955,
      35.471502
     ],
     [
      133.051957,
      35.471538
     ],
     [
      133.051959,
      35.471574
     ],
     [
      133.051961,
      35.47161
     ],
     [
      133.051963,
      35.471646
     ],
     [
      133.051964,
      35.471682
     ],
     [
      133.051965,
      35.471718
     ],
     [
      133.051965,
      35.471754
     ],
     [
      133.051966,
      35.471791
     ],
     [
      133.051967,
      35.471827
     ],
     [
      133.051968,
      35.471863
     ],
     [
      133.05197,
      35.471899
     ],
     [
      133.051972,
      35.471935
     ],
     [
      133.051975,
      35.471971
     ],
     [
      133.051978,
      35.472007
     ],
     [
      133.051981,
      35.472043
     ],
     [
      133.051983,
      35.472078
     ],
     [
      133.051987,
      35.472114
     ],
     [
      133.05199,
      35.47215
     ],
     [
      133.051992,
      35.472186
     ],
     [
      133.051996,
      35.472222
     ],
     [
      133.051999,
      35.472258
     ],
     [
      133.052002,
      35.472294
     ],
     [
      133.052004,
      35.47233
     ],
     [
      133.052008,
      35.472366
     ],
     [
      133.052011,
      35.472403
     ],
     [
      133.052014,
      35.472438
     ],
     [
      133.052018,
      35.472474
     ],
     [
      133.052021,
      35.47251
     ],
     [
      133.052024,
      35.472546
     ],
     [
      133.052028,
      35.472582
     ],
     [
      133.052031,
      35.472618
     ],
     [
      133.052034,
      35.472654
     ],
     [
      133.052038,
      35.47269
     ],
     [
      133.052041,
      35.472726
     ],
     [
      133.052044,
      35.472761
     ],
     [
      133.052047,
      35.472797
     ],
     [
      133.052051,
      35.472833
     ],
     [
      133.052054,
      35.472869
     ],
     [
      133.052058,
      35.472905
     ],
     [
      133.052064,
      35.472942
     ],
     [
      133.052072,
      35.472977
     ],
     [
      133.052083,
      35.473012
     ],
     [
      133.052097,
      35.473046
     ],
     [
      133.052116,
      35.473079
     ],
     [
      133.052139,
      35.473109
     ],
     [
      133.052168,
      35.473136
     ],
     [
      133.052202,
      35.473159
     ],
     [
      133.052239,
      35.473178
     ],
     [
      133.05228,
      35.473191
     ],
     [
      133.052323,
      35.473201
     ],
     [
      133.052366,
      35.473207
     ],
     [
      133.05241,
      35.473211
     ],
     [
      133.052454,
      35.473213
     ],
     [
      133.052499,
      35.473213
     ],
     [
      133.052543,
      35.473213
     ],
     [
      133.052587,
      35.473213
     ],
     [
      133.052631,
      35.473212
     ],
     [
      133.052675,
      35.47321
     ],
     [
      133.052719,
      35.473208
     ],
     [
      133.052763,
      35.473206
     ],
     [
      133.052807,
      35.473204
     ],
     [
      133.05285,
      35.473202
     ],
     [
      133.052895,
      35.4732
     ],
     [
      133.052939,
      35.473198
     ],
     [
      133.052983,
      35.473197
     ],
     [
      133.053027,
      35.473197
     ],
     [
      133.053071,
      35.473196
     ],
     [
      133.053115,
      35.473196
     ],
     [
      133.053159,
      35.473195
     ],
     [
      133.053203,
      35.473195
     ],
     [
      133.053247,
      35.473194
     ],
     [
      133.053292,
      35.473192
     ],
     [
      133.053336,
      35.47319
     ],
     [
      133.05338,
      35.473188
     ],
     [
      133.053424,
      35.473186
     ],
     [
      133.053468,
      35.473184
     ],
     [
      133.053512,
      35.473181
     ],
     [
      133.053556,
      35.47318
     ],
     [
      133.0536,
      35.473179
     ],
     [
      133.053645,
      35.473177
     ],
     [
      133.053689,
      35.473175
     ],
     [
      133.053733,
      35.473173
     ],
     [
      133.053777,
      35.473171
     ],
     [
      133.053821,
      35.473169
     ],
     [
      133.053865,
      35.473167
     ],
     [
      133.053908,
      35.473164
     ],
     [
      133.053952,
      35.473162
     ],
     [
      133.053996,
      35.473161
     ],
     [
      133.05404,
      35.47316
     ],
     [
      133.054085,
      35.473161
     ],
     [
      133.054129,
      35.473163
     ],
     [
      133.054172,
      35.47317
     ],
     [
      133.054214,
      35.473182
     ],
     [
      133.054251,
      35.473201
     ],
     [
      133.054282,
      35.473226
     ],
     [
      133.054304,
      35.473257
     ],
     [
      133.054321,
      35.473291
     ],
     [
      133.054332,
      35.473325
     ],
     [
      133.054338,
      35.473362
     ],
     [
      133.054344,
      35.473398
     ],
     [
      133.054347,
      35.473434
     ],
     [
      133.05435,
      35.473469
     ],
     [
      133.054353,
      35.473505
     ],
     [
      133.054356,
      35.473541
     ],
     [
      133.054359,
      35.473577
     ],
     [
      133.054363,
      35.473613
     ],
     [
      133.054365,
      35.473649
     ],
     [
      133.054368,
      35.473685
     ],
     [
      133.05437,
      35.473721
     ],
     [
      133.054374,
      35.473757
     ],
     [
      133.054377,
      35.473793
     ],
     [
      133.054379,
      35.473829
     ],
     [
      133.054382,
      35.473864
     ],
     [
      133.054386,
      35.4739
     ],
     [
      133.054389,
      35.473937
     ],
     [
      133.054391,
      35.473973
     ],
     [
      133.054395,
      35.474009
     ],
     [
      133.054397,
      35.474045
     ],
     [
      133.0544,
      35.474081
     ],
     [
      133.054403,
      35.474117
     ],
     [
      133.054406,
      35.474153
     ],
     [
      133.054409,
      35.474189
     ],
     [
      133.054411,
      35.474225
     ],
     [
      133.054413,
      35.474261
     ],
     [
      133.054415,
      35.474297
     ],
     [
      133.054419,
      35.474332
     ],
     [
      133.054421,
      35.474368
     ],
     [
      133.054423,
      35.474404
     ],
     [
      133.054427,
      35.47444
     ],
     [
      133.05443,
      35.474476
     ],
     [
      133.054432,
      35.474512
     ],
     [
      133.054435,
      35.474549
     ],
     [
      133.054439,
      35.474585
     ],
     [
      133.054441,
      35.474621
     ],
     [
      133.054444,
      35.474657
     ],
     [
      133.054447,
      35.474693
     ],
     [
      133.05445,
      35.474728
     ],
     [
      133.054453,
      35.474764
     ],
     [
      133.054456,
      35.4748
     ],
     [
      133.054458,
      35.474836
     ],
     [
      133.054462,
      35.474872
     ],
     [
      133.054465,
      35.474908
     ],
     [
      133.054467,
      35.474944
     ],
     [
      133.054471,
      35.47498
     ],
     [
      133.054474,
      35.475016
     ],
     [
      133.054476,
      35.475052
     ],
     [
      133.054479,
      35.475088
     ],
     [
      133.054483,
      35.475124
     ],
     [
      133.054485,
      35.47516
     ],
     [
      133.054488,
      35.475196
     ],
     [
      133.054492,
      35.475232
     ],
     [
      133.054494,
      35.475268
     ],
     [
      133.054497,
      35.475304
     ],
     [
      133.0545,
      35.47534
     ],
     [
      133.054503,
      35.475376
     ],
     [
      133.054506,
      35.475412
     ],
     [
      133.054507,
      35.475448
     ],
     [
      133.054508,
      35.475484
     ],
     [
      133.054507,
      35.47552
     ],
     [
      133.054502,
      35.475555
     ],
     [
      133.05449,
      35.47559
     ],
     [
      133.054473,
      35.475624
     ],
     [
      133.054447,
      35.475654
     ],
     [
      133.054418,
      35.475679
     ],
     [
      133.054383,
      35.475701
     ],
     [
      133.054347,
      35.475723
     ],
     [
      133.054311,
      35.475744
     ],
     [
      133.054277,
      35.475766
     ],
     [
      133.054246,
      35.475791
     ],
     [
      133.054221,
      35.475821
     ],
     [
      133.054204,
      35.475855
     ],
     [
      133.054194,
      35.47589
     ],
     [
      133.054188,
      35.475926
     ],
     [
      133.054185,
      35.475962
     ],
     [
      133.054182,
      35.475997
     ],
     [
      133.054176,
      35.476033
     ],
     [
      133.054165,
      35.476068
     ],
     [
      133.054146,
      35.476101
     ],
     [
      133.05412,
      35.476129
     ],
     [
      133.054087,
      35.476153
     ],
     [
      133.054049,
      35.476171
     ],
     [
      133.054008,
      35.476184
     ],
     [
      133.053965,
      35.476194
     ],
     [
      133.053922,
      35.476202
     ],
     [
      133.053879,
      35.476208
     ],
     [
      133.053835,
      35.476212
     ],
     [
      133.053791,
      35.476217
     ],
     [
      133.053747,
      35.47622
     ],
     [
      133.053704,
      35.476223
     ],
     [
      133.05366,
      35.476227
     ],
     [
      133.053616,
      35.476229
     ],
     [
      133.053572,
      35.476232
     ],
     [
      133.053528,
      35.476236
     ],
     [
      133.053483,
      35.476238
     ],
     [
      133.053439,
      35.476241
     ],
     [
      133.053396,
      35.476245
     ],
     [
      133.053352,
      35.476247
     ],
     [
      133.053308,
      35.476251
     ],
     [
      133.053264,
      35.476255
     ],
     [
      133.05322,
      35.476257
     ],
     [
      133.053176,
      35.476261
     ],
     [
      133.053133,
      35.476265
     ],
     [
      133.053089,
      35.476268
     ],
     [
      133.053045,
      35.476272
     ],
     [
      133.053,
      35.476275
     ],
     [
      133.052956,
      35.476278
     ],
     [
      133.052913,
      35.476283
     ],
     [
      133.052869,
      35.476286
     ],
     [
      133.052825,
      35.476292
     ],
     [
      133.052782,
      35.476298
     ],
     [
      133.052739,
      35.476307
     ],
     [
      133.052697,
      35.476317
     ],
     [
      133.052655,
      35.47633
     ],
     [
      133.052615,
      35.476345
     ],
     [
      133.052577,
      35.476362
     ],
     [
      133.052539,
      35.476381
     ],
     [
      133.052504,
      35.476403
     ],
     [
      133.05247,
      35.476426
     ],
     [
      133.052438,
      35.47645
     ],
     [
      133.052407,
      35.476476
     ],
     [
      133.052377,
      35.476503
     ],
     [
      133.052349,
      35.476531
     ],
     [
      133.052322,
      35.476559
     ],
     [
      133.052297,
      35.476588
     ],
     [
      133.052272,
      35.476618
     ],
     [
      133.052248,
      35.476649
     ],
     [
      133.052226,
      35.47668
     ],
     [
      133.052204,
      35.476711
     ],
     [
      133.052182,
      35.476742
     ],
     [
      133.05216,
      35.476774
     ],
     [
      133.052139,
      35.476805
     ],
     [
      133.052118,
      35.476837
     ],
     [
      133.052096,
      35.476868
     ],
     [
      133.052075,
      35.4769
     ],
     [
      133.052054,
      35.476932
     ],
     [
      133.052034,
      35.476964
     ],
     [
      133.052013,
      35.476996
     ],
     [
      133.051992,
      35.477027
     ],
     [
      133.051972,
      35.47706
     ],
     [
      133.051953,
      35.477092
     ],
     [
      133.051933,
      35.477124
     ],
     [
      133.051914,
      35.477156
     ],
     [
      133.051894,
      35.477188
     ],
     [
      133.051875,
      35.477222
     ],
     [
      133.051857,
      35.477254
     ],
     [
      133.051837,
      35.477287
     ],
     [
      133.051818,
      35.477319
     ],
     [
      133.051798,
      35.477351
     ],
     [
      133.051778,
      35.477383
     ],
     [
      133.051757,
      35.477415
     ],
     [
      133.051736,
      35.477446
     ],
     [
      133.051714,
      35.477478
     ],
     [
      133.05169,
      35.477508
     ],
     [
      133.051666,
      35.477538
     ],
     [
      133.051639,
      35.477567
     ],
     [
      133.051613,
      35.477596
     ],
     [
      133.051585,
      35.477624
     ],
     [
      133.051556,
      35.477651
     ],
     [
      133.051527,
      35.477678
     ],
     [
      133.051496,
      35.477704
     ],
     [
      133.051465,
      35.47773
     ],
     [
      133.051434,
      35.477755
     ],
     [
      133.051403,
      35.477782
     ],
     [
      133.051372,
      35.477807
     ],
     [
      133.05134,
      35.477832
     ],
     [
      133.051309,
      35.477856
     ],
     [
      133.051277,
      35.477882
     ],
     [
      133.051245,
      35.477906
     ],
     [
      133.051213,
      35.47793
     ],
     [
      133.051179,
      35.477955
     ],
     [
      133.051147,
      35.47798
     ],
     [
      133.051114,
      35.478003
     ],
     [
      133.051081,
      35.478028
     ],
     [
      133.051049,
      35.478052
     ],
     [
      133.051016,
      35.478076
     ],
     [
      133.050983,
      35.4781
     ],
     [
      133.05095,
      35.478124
     ],
     [
      133.050917,
      35.478147
     ],
     [
      133.050884,
      35.478171
     ],
     [
      133.05085,
      35.478194
     ],
     [
      133.050817,
      35.478218
     ],
     [
      133.050782,
      35.478241
     ],
     [
      133.050748,
      35.478264
     ],
     [
      133.050714,
      35.478286
     ],
     [
      133.050679,
      35.478308
     ],
     [
      133.050643,
      35.47833
     ],
     [
      133.050608,
      35.478352
     ],
     [
      133.050573,
      35.478373
     ],
     [
      133.050538,
      35.478394
     ],
     [
      133.050501,
      35.478415
     ],
     [
      133.050466,
      35.478437
     ],
     [
      133.050431,
      35.478458
     ],
     [
      133.050394,
      35.478479
     ],
     [
      133.050359,
      35.478501
     ],
     [
      133.050324,
      35.478522
     ],
     [
      133.050288,
      35.478544
     ],
     [
      133.050253,
      35.478566
     ],
     [
      133.050218,
      35.478587
     ],
     [
      133.050184,
      35.478609
     ],
     [
      133.050148,
      35.478631
     ],
     [
      133.050113,
      35.478653
     ],
     [
      133.050078,
      35.478675
     ],
     [
      133.050042,
      35.478696
     ],
     [
      133.050007,
      35.478717
     ],
     [
      133.049971,
      35.478739
     ],
     [
      133.049934,
      35.478759
     ],
     [
      133.049899,
      35.47878
     ],
     [
      133.049863,
      35.4788
     ],
     [
      133.049825,
      35.47882
     ],
     [
      133.049789,
      35.47884
     ],
     [
      133.049751,
      35.478859
     ],
     [
      133.049715,
      35.478879
     ],
     [
      133.049677,
      35.478898
     ],
     [
      133.04964,
      35.478917
     ],
     [
      133.049602,
      35.478936
     ],
     [
      133.049564,
      35.478953
     ],
     [
      133.049524,
      35.47897
     ],
     [
      133.049484,
      35.478987
     ],
     [
      133.049445,
      35.479001
     ],
     [
      133.049404,
      35.479015
     ],
     [
      133.049362,
      35.479027
     ],
     [
      133.04932,
      35.479038
     ],
     [
      133.049278,
      35.479049
     ],
     [
      133.049236,
      35.479059
     ],
     [
      133.049193,
      35.479069
     ],
     [
      133.04915,
      35.479077
     ],
     [
      133.049107,
      35.479084
     ],
     [
      133.049063,
      35.479088
     ],
     [
      133.049019,
      35.479088
     ],
     [
      133.048976,
      35.479081
     ],
     [
      133.048936,
      35.479066
     ],
     [
      133.048902,
      35.479042
     ],
     [
      133.048874,
      35.479015
     ],
     [
      133.04885,
      35.478985
     ],
     [
      133.048828,
      35.478953
     ],
     [
      133.048807,
      35.478922
     ],
     [
      133.048786,
      35.47889
     ],
     [
      133.048765,
      35.478859
     ],
     [
      133.048743,
      35.478827
     ],
     [
      133.048721,
      35.478796
     ],
     [
      133.048698,
      35.478766
     ],
     [
      133.048675,
      35.478735
     ],
     [
      133.04865,
      35.478704
     ],
     [
      133.048626,
      35.478674
     ],
     [
      133.048603,
      35.478644
     ],
     [
      133.048579,
      35.478613
     ],
     [
      133.048554,
      35.478584
     ],
     [
      133.04853,
      35.478554
     ],
     [
      133.048506,
      35.478523
     ],
     [
      133.048482,
      35.478494
     ],
     [
      133.048457,
      35.478463
     ],
     [
      133.048433,
      35.478433
     ],
     [
      133.04841,
      35.478403
     ],
     [
      133.048386,
      35.478372
     ],
     [
      133.048363,
      35.478341
     ],
     [
      133.048339,
      35.478311
     ],
     [
      133.048318,
      35.478279
     ],
     [
      133.048297,
      35.478247
     ],
     [
      133.048278,
      35.478215
     ],
     [
      133.04826,
      35.478182
     ],
     [
      133.048245,
      35.478148
     ],
     [
      133.04823,
      35.478114
     ],
     [
      133.048218,
      35.47808
     ],
     [
      133.048208,
      35.478045
     ],
     [
      133.0482,
      35.478009
     ],
     [
      133.048194,
      35.477974
     ],
     [
      133.048189,
      35.477937
     ],
     [
      133.048188,
      35.477901
     ],
     [
      133.048189,
      35.477865
     ],
     [
      133.048195,
      35.477829
     ],
     [
      133.048204,
      35.477794
     ],
     [
      133.048216,
      35.47776
     ],
     [
      133.04823,
      35.477726
     ],
     [
      133.048243,
      35.477691
     ],
     [
      133.048257,
      35.477657
     ],
     [
      133.048268,
      35.477622
     ],
     [
      133.048275,
      35.477586
     ],
     [
      133.048279,
      35.477551
     ],
     [
      133.04828,
      35.477515
     ],
     [
      133.04828,
      35.477479
     ],
     [
      133.048277,
      35.477443
     ],
     [
      133.048273,
      35.477407
     ],
     [
      133.04827,
      35.477371
     ],
     [
      133.048265,
      35.477334
     ],
     [
      133.048262,
      35.477298
     ],
     [
      133.048258,
      35.477262
     ],
     [
      133.048254,
      35.477227
     ],
     [
      133.04825,
      35.477191
     ],
     [
      133.048247,
      35.477155
     ],
     [
      133.048243,
      35.477119
     ],
     [
      133.048241,
      35.477083
     ],
     [
      133.048238,
      35.477047
     ],
     [
      133.048235,
      35.477011
     ],
     [
      133.048232,
      35.476975
     ],
     [
      133.048229,
      35.476939
     ],
     [
      133.048226,
      35.476903
     ],
     [
      133.048224,
      35.476868
     ],
     [
      133.04822,
      35.476832
     ],
     [
      133.048218,
      35.476795
     ],
     [
      133.048215,
      35.476759
     ],
     [
      133.048213,
      35.476723
     ],
     [
      133.048209,
      35.476687
     ],
     [
      133.048207,
      35.476651
     ],
     [
      133.048204,
      35.476615
     ],
     [
      133.048202,
      35.476579
     ],
     [
      133.048198,
      35.476543
     ],
     [
      133.048195,
      35.476507
     ],
     [
      133.048193,
      35.476471
     ],
     [
      133.048189,
      35.476436
     ],
     [
      133.048186,
      35.4764
     ],
     [
      133.048184,
      35.476364
     ],
     [
      133.048181,
      35.476328
     ],
     [
      133.048177,
      35.476292
     ],
     [
      133.048175,
      35.476256
     ],
     [
      133.048172,
      35.47622
     ],
     [
      133.048168,
      35.476184
     ],
     [
      133.048166,
      35.476147
     ],
     [
      133.048163,
      35.476111
     ],
     [
      133.04816,
      35.476075
     ],
     [
      133.048157,
      35.476039
     ],
     [
      133.048155,
      35.476004
     ],
     [
      133.048154,
      35.475968
     ],
     [
      133.048153,
      35.475932
     ],
     [
      133.048154,
      35.475896
     ],
     [
      133.048157,
      35.47586
     ],
     [
      133.048162,
      35.475824
     ],
     [
      133.048168,
      35.475788
     ],
     [
      133.048178,
      35.475753
     ],
     [
      133.04819,
      35.475718
     ],
     [
      133.048205,
      35.475684
     ],
     [
      133.048221,
      35.475651
     ],
     [
      133.048241,
      35.475618
     ],
     [
      133.048262,
      35.475587
     ],
     [
      133.048283,
      35.475555
     ],
     [
      133.048306,
      35.475525
     ],
     [
      133.048329,
      35.475494
     ],
     [
      133.048352,
      35.475462
     ],
     [
      133.048372,
      35.475431
     ],
     [
      133.048391,
      35.475398
     ],
     [
      133.048409,
      35.475365
     ],
     [
      133.048423,
      35.475331
     ],
     [
      133.048435,
      35.475297
     ],
     [
      133.048443,
      35.475261
     ],
     [
      133.04845,
      35.475225
     ],
     [
      133.048453,
      35.475189
     ],
     [
      133.048455,
      35.475153
     ],
     [
      133.048456,
      35.475117
     ],
     [
      133.048456,
      35.475081
     ],
     [
      133.048456,
      35.475045
     ],
     [
      133.048454,
      35.475009
     ],
     [
      133.048453,
      35.474973
     ],
     [
      133.048451,
      35.474937
     ],
     [
      133.048447,
      35.474901
     ],
     [
      133.048445,
      35.474865
     ],
     [
      133.048442,
      35.47483
     ],
     [
      133.04844,
      35.474794
     ],
     [
      133.048438,
      35.474758
     ],
     [
      133.048435,
      35.474722
     ],
     [
      133.048433,
      35.474686
     ],
     [
      133.048431,
      35.474649
     ],
     [
      133.048429,
      35.474613
     ],
     [
      133.048425,
      35.474577
     ],
     [
      133.048423,
      35.474541
     ],
     [
      133.04842,
      35.474505
     ],
     [
      133.048418,
      35.474469
     ],
     [
      133.048415,
      35.474433
     ],
     [
      133.048413,
      35.474397
     ],
     [
      133.04841,
      35.474361
     ],
     [
      133.048408,
      35.474325
     ],
     [
      133.048406,
      35.474289
     ],
     [
      133.048402,
      35.474254
     ],
     [
      133.0484,
      35.474218
     ],
     [
      133.048397,
      35.474182
     ],
     [
      133.048395,
      35.474146
     ],
     [
      133.048392,
      35.47411
     ],
     [
      133.04839,
      35.474074
     ],
     [
      133.048387,
      35.474037
     ],
     [
      133.048385,
      35.474001
     ],
     [
      133.048382,
      35.473965
     ],
     [
      133.04838,
      35.473929
     ],
     [
      133.048379,
      35.473893
     ],
     [
      133.048379,
      35.473857
     ],
     [
      133.048379,
      35.473821
     ],
     [
      133.04838,
      35.473785
     ],
     [
      133.048382,
      35.473749
     ],
     [
      133.048385,
      35.473713
     ],
     [
      133.048387,
      35.473677
     ],
     [
      133.048388,
      35.473641
     ],
     [
      133.048389,
      35.473605
     ],
     [
      133.04839,
      35.473569
     ],
     [
      133.048389,
      35.473533
     ],
     [
      133.048387,
      35.473497
     ],
     [
      133.048382,
      35.473462
     ],
     [
      133.048375,
      35.473426
     ],
     [
      133.048361,
      35.473391
     ],
     [
      133.048342,
      35.473359
     ],
     [
      133.048316,
      35.47333
     ],
     [
      133.048283,
      35.473306
     ],
     [
      133.048246,
      35.473288
     ],
     [
      133.048204,
      35.473276
     ],
     [
      133.048161,
      35.473269
     ],
     [
      133.048117,
      35.473265
     ],
     [
      133.048072,
      35.473264
     ],
     [
      133.048028,
      35.473264
     ],
     [
      133.047984,
      35.473265
     ],
     [
      133.04794,
      35.473265
     ],
     [
      133.047896,
      35.473265
     ],
     [
      133.047852,
      35.473264
     ],
     [
      133.047808,
      35.473262
     ],
     [
      133.047764,
      35.47326
     ],
     [
      133.04772,
      35.473258
     ],
     [
      133.047675,
      35.473255
     ],
     [
      133.047632,
      35.473253
     ],
     [
      133.047588,
      35.473252
     ],
     [
      133.047544,
      35.473252
     ],
     [
      133.0475,
      35.473252
     ],
     [
      133.047456,
      35.473252
     ],
     [
      133.047412,
      35.473253
     ],
     [
      133.047368,
      35.473255
     ],
     [
      133.047324,
      35.473258
     ],
     [
      133.047279,
      35.47326
     ],
     [
      133.047235,
      35.473261
     ],
     [
      133.047191,
      35.473263
     ],
     [
      133.047147,
      35.473264
     ],
     [
      133.047103,
      35.473264
     ],
     [
      133.047059,
      35.473263
     ],
     [
      133.047015,
      35.473262
     ],
     [
      133.046971,
      35.47326
     ],
     [
      133.046927,
      35.473258
     ],
     [
      133.046882,
      35.473255
     ],
     [
      133.046838,
      35.473253
     ],
     [
      133.046794,
      35.473252
     ],
     [
      133.04675,
      35.473251
     ],
     [
      133.046706,
      35.47325
     ],
     [
      133.046662,
      35.473248
     ],
     [
      133.046619,
      35.473244
     ],
     [
      133.046575,
      35.473238
     ],
     [
      133.046533,
      35.473226
     ],
     [
      133.046496,
      35.473207
     ],
     [
      133.046467,
      35.47318
     ],
     [
      133.046448,
      35.473148
     ],
     [
      133.046436,
      35.473114
     ],
     [
      133.046429,
      35.473078
     ],
     [
      133.046424,
      35.473042
     ],
     [
      133.04642,
      35.473006
     ],
     [
      133.046417,
      35.47297
     ],
     [
      133.046414,
      35.472934
     ],
     [
      133.046411,
      35.472898
     ],
     [
      133.046408,
      35.472862
     ],
     [
      133.046406,
      35.472826
     ],
     [
      133.046404,
      35.47279
     ],
     [
      133.0464,
      35.472754
     ],
     [
      133.046398,
      35.472718
     ],
     [
      133.046395,
      35.472682
     ],
     [
      133.046392,
      35.472646
     ],
     [
      133.046389,
      35.472611
     ],
     [
      133.046386,
      35.472575
     ],
     [
      133.046384,
      35.472539
     ],
     [
      133.046382,
      35.472503
     ],
     [
      133.046378,
      35.472467
     ],
     [
      133.046376,
      35.47243
     ],
     [
      133.046373,
      35.472394
     ],
     [
      133.046371,
      35.472358
     ],
     [
      133.046367,
      35.472322
     ],
     [
      133.046365,
      35.472286
     ],
     [
      133.046364,
      35.47225
     ],
     [
      133.046362,
      35.472214
     ],
     [
      133.046361,
      35.472178
     ],
     [
      133.046359,
      35.472142
     ],
     [
      133.046356,
      35.472106
     ],
     [
      133.046354,
      35.47207
     ],
     [
      133.046351,
      35.472035
     ],
     [
      133.046349,
      35.471999
     ],
     [
      133.046345,
      35.471963
     ],
     [
      133.046343,
      35.471927
     ],
     [
      133.046342,
      35.471891
     ],
     [
      133.046341,
      35.471855
     ],
     [
      133.04634,
      35.471818
     ],
     [
      133.04634,
      35.471782
     ],
     [
      133.04634,
      35.471746
     ],
     [
      133.04634,
      35.47171
     ],
     [
      133.046341,
      35.471674
     ],
     [
      133.046342,
      35.471638
     ],
     [
      133.046344,
      35.471602
     ],
     [
      133.046347,
      35.471566
     ],
     [
      133.046351,
      35.47153
     ],
     [
      133.046355,
      35.471494
     ],
     [
      133.04636,
      35.471458
     ],
     [
      133.046363,
      35.471423
     ],
     [
      133.046364,
      35.471387
     ],
     [
      133.046362,
      35.471351
     ],
     [
      133.046354,
      35.471315
     ],
     [
      133.04634,
      35.471281
     ],
     [
      133.046319,
      35.47125
     ],
     [
      133.04629,
      35.471222
     ],
     [
      133.046256,
      35.471199
     ],
     [
      133.046218,
      35.47118
     ],
     [
      133.046179,
      35.471164
     ],
     [
      133.046138,
      35.471152
     ],
     [
      133.046096,
      35.47114
     ],
     [
      133.046054,
      35.471129
     ],
     [
      133.046011,
      35.471119
     ],
     [
      133.045969,
      35.471108
     ],
     [
      133.045927,
      35.471097
     ],
     [
      133.045885,
      35.471086
     ],
     [
      133.045845,
      35.471072
     ],
     [
      133.045805,
      35.471057
     ],
     [
      133.045766,
      35.471039
     ],
     [
      133.045732,
      35.471017
     ],
     [
      133.045702,
      35.47099
     ],
     [
      133.045681,
      35.470959
     ],
     [
      133.045669,
      35.470924
     ],
     [
      133.045665,
      35.470888
     ],
     [
      133.045667,
      35.470852
     ],
     [
      133.045672,
      35.470816
     ],
     [
      133.045681,
      35.470781
     ],
     [
      133.045691,
      35.470746
     ],
     [
      133.045702,
      35.470711
     ],
     [
      133.045713,
      35.470676
     ],
     [
      133.045724,
      35.470641
     ],
     [
      133.045735,
      35.470606
     ],
     [
      133.045747,
      35.470572
     ],
     [
      133.045759,
      35.470537
     ],
     [
      133.045771,
      35.470503
     ],
     [
      133.045783,
      35.470467
     ],
     [
      133.045795,
      35.470433
     ],
     [
      133.045807,
      35.470398
     ],
     [
      133.04582,
      35.470364
     ],
     [
      133.045831,
      35.470329
     ],
     [
      133.045843,
      35.470294
     ],
     [
      133.045856,
      35.470259
     ],
     [
      133.045868,
      35.470225
     ],
     [
      133.045879,
      35.47019
     ],
     [
      133.045891,
      35.470156
     ],
     [
      133.045903,
      35.47012
     ],
     [
      133.045914,
      35.470086
     ],
     [
      133.045926,
      35.470051
     ],
     [
      133.045938,
      35.470016
     ],
     [
      133.045949,
      35.469982
     ],
     [
      133.045961,
      35.469946
     ],
     [
      133.045972,
      35.469912
     ],
     [
      133.045985,
      35.469877
     ],
     [
      133.045996,
      35.469842
     ],
     [
      133.046008,
      35.469808
     ],
     [
      133.046019,
      35.469773
     ],
     [
      133.046031,
      35.469738
     ],
     [
      133.046043,
      35.469703
     ],
     [
      133.046054,
      35.469669
     ],
     [
      133.046066,
      35.469634
     ],
     [
      133.046078,
      35.469599
     ],
     [
      133.046091,
      35.469564
     ],
     [
      133.046103,
      35.46953
     ],
     [
      133.046115,
      35.469495
     ],
     [
      133.046127,
      35.469461
     ],
     [
      133.046139,
      35.469426
     ],
     [
      133.046151,
      35.469391
     ],
     [
      133.046163,
      35.469356
     ],
     [
      133.046175,
      35.469322
     ],
     [
      133.046188,
      35.469287
     ],
     [
      133.0462,
      35.469252
     ],
     [
      133.046213,
      35.469218
     ],
     [
      133.046227,
      35.469184
     ],
     [
      133.046242,
      35.46915
     ],
     [
      133.046258,
      35.469116
     ],
     [
      133.046274,
      35.469083
     ],
     [
      133.046291,
      35.46905
     ],
     [
      133.046309,
      35.469016
     ],
     [
      133.046327,
      35.468984
     ],
     [
      133.046343,
      35.468951
     ],
     [
      133.046361,
      35.468917
     ],
     [
      133.046376,
      35.468883
     ],
     [
      133.046391,
      35.468849
     ],
     [
      133.046403,
      35.468814
     ],
     [
      133.046415,
      35.46878
     ],
     [
      133.046425,
      35.468745
     ],
     [
      133.046435,
      35.46871
     ],
     [
      133.046442,
      35.468674
     ],
     [
      133.046451,
      35.468639
     ],
     [
      133.046459,
      35.468604
     ],
     [
      133.046467,
      35.468567
     ],
     [
      133.046474,
      35.468532
     ],
     [
      133.046481,
      35.468497
     ],
     [
      133.046489,
      35.468461
     ],
     [
      133.046495,
      35.468426
     ],
     [
      133.046503,
      35.46839
     ],
     [
      133.04651,
      35.468355
     ],
     [
      133.046517,
      35.468319
     ],
     [
      133.046524,
      35.468284
     ],
     [
      133.046531,
      35.468247
     ],
     [
      133.046538,
      35.468212
     ],
     [
      133.046545,
      35.468176
     ],
     [
      133.046553,
      35.468141
     ],
     [
      133.04656,
      35.468105
     ],
     [
      133.046567,
      35.46807
     ],
     [
      133.046575,
      35.468034
     ],
     [
      133.046582,
      35.467999
     ],
     [
      133.046591,
      35.467964
     ],
     [
      133.0466,
      35.467928
     ],
     [
      133.046609,
      35.467893
     ],
     [
      133.04662,
      35.467858
     ],
     [
      133.046632,
      35.467823
     ],
     [
      133.046644,
      35.467789
     ],
     [
      133.046659,
      35.467754
     ],
     [
      133.046675,
      35.467721
     ],
     [
      133.046692,
      35.467688
     ],
     [
      133.046709,
      35.467654
     ],
     [
      133.046728,
      35.467622
     ],
     [
      133.046748,
      35.46759
     ],
     [
      133.046768,
      35.467557
     ],
     [
      133.046788,
      35.467526
     ],
     [
      133.046807,
      35.467493
     ],
     [
      133.046827,
      35.467462
     ],
     [
      133.046847,
      35.467429
     ],
     [
      133.046867,
      35.467397
     ],
     [
      133.046886,
      35.467363
     ],
     [
      133.046903,
      35.467331
     ],
     [
      133.046921,
      35.467298
     ],
     [
      133.046938,
      35.467264
     ],
     [
      133.046954,
      35.467231
     ],
     [
      133.04697,
      35.467197
     ],
     [
      133.046986,
      35.467163
     ],
     [
      133.047002,
      35.46713
     ],
     [
      133.047017,
      35.467097
     ],
     [
      133.047031,
      35.467062
     ],
     [
      133.047048,
      35.467029
     ],
     [
      133.047063,
      35.466995
     ],
     [
      133.04708,
      35.466961
     ],
     [
      133.047099,
      35.466929
     ],
     [
      133.04712,
      35.466897
     ],
     [
      133.047143,
      35.466867
     ],
     [
      133.047169,
      35.466838
     ],
     [
      133.047201,
      35.466814
     ],
     [
      133.047239,
      35.466795
     ],
     [
      133.047282,
      35.466784
     ],
     [
      133.047325,
      35.466782
     ],
     [
      133.047369,
      35.466787
     ],
     [
      133.047411,
      35.466797
     ],
     [
      133.047452,
      35.466811
     ],
     [
      133.047491,
      35.466826
     ],
     [
      133.047531,
      35.466843
     ],
     [
      133.04757,
      35.46686
     ],
     [
      133.047608,
      35.466878
     ],
     [
      133.047647,
      35.466896
     ],
     [
      133.047685,
      35.466913
     ],
     [
      133.047724,
      35.46693
     ],
     [
      133.047764,
      35.466947
     ],
     [
      133.047802,
      35.466963
     ],
     [
      133.047842,
      35.46698
     ],
     [
      133.047881,
      35.466996
     ],
     [
      133.04792,
      35.467013
     ],
     [
      133.047959,
      35.46703
     ],
     [
      133.047999,
      35.467046
     ],
     [
      133.048037,
      35.467062
     ],
     [
      133.048077,
      35.467079
     ],
     [
      133.048117,
      35.467095
     ],
     [
      133.048156,
      35.467111
     ],
     [
      133.048195,
      35.467127
     ],
     [
      133.048235,
      35.467142
     ],
     [
      133.048274,
      35.467159
     ],
     [
      133.048315,
      35.467174
     ],
     [
      133.048355,
      35.467189
     ],
     [
      133.048395,
      35.467204
     ],
     [
      133.048435,
      35.467219
     ],
     [
      133.048475,
      35.467234
     ],
     [
      133.048515,
      35.467249
     ],
     [
      133.048556,
      35.467264
     ],
     [
      133.048595,
      35.467279
     ],
     [
      133.048635,
      35.467294
     ],
     [
      133.048676,
      35.467309
     ],
     [
      133.048715,
      35.467325
     ],
     [
      133.048755,
      35.467341
     ],
     [
      133.048795,
      35.467357
     ],
     [
      133.048834,
      35.467373
     ],
     [
      133.048873,
      35.467389
     ],
     [
      133.048913,
      35.467406
     ],
     [
      133.048952,
      35.467422
     ],
     [
      133.048991,
      35.467437
     ],
     [
      133.049031,
      35.467453
     ],
     [
      133.049072,
      35.467468
     ],
     [
      133.049113,
      35.467482
     ],
     [
      133.049153,
      35.467494
     ],
     [
      133.049196,
      35.467504
     ],
     [
      133.049239,
      35.467512
     ],
     [
      133.049282,
      35.467518
     ],
     [
      133.049327,
      35.467523
     ],
     [
      133.049371,
      35.467526
     ],
     [
      133.049414,
      35.46753
     ],
     [
      133.049458,
      35.467535
     ],
     [
      133.049501,
      35.467541
     ],
     [
      133.049544,
      35.467549
     ],
     [
      133.049587,
      35.467559
     ],
     [
      133.049629,
      35.467571
     ],
     [
      133.04967,
      35.467583
     ],
     [
      133.049711,
      35.467596
     ],
     [
      133.049752,
      35.46761
     ],
     [
      133.049792,
      35.467624
     ],
     [
      133.049833,
      35.467638
     ],
     [
      133.049874,
      35.467653
     ],
     [
      133.049914,
      35.467667
     ],
     [
      133.049954,
      35.467681
     ],
     [
      133.049994,
      35.467697
     ],
     [
      133.050035,
      35.467712
     ],
     [
      133.050074,
      35.467727
     ],
     [
      133.050114,
      35.467742
     ],
     [
      133.050155,
      35.467757
     ],
     [
      133.050195,
      35.467772
     ],
     [
      133.050235,
      35.467786
     ],
     [
      133.050276,
      35.4678
     ],
     [
      133.050316,
      35.467815
     ],
     [
      133.050357,
      35.467829
     ],
     [
      133.050397,
      35.467843
     ],
     [
      133.050438,
      35.467857
     ],
     [
      133.050478,
      35.467872
     ],
     [
      133.050519,
      35.467887
     ],
     [
      133.050559,
      35.467901
     ],
     [
      133.050599,
      35.467916
     ],
     [
      133.050639,
      35.46793
     ],
     [
      133.05068,
      35.467946
     ],
     [
      133.050721,
      35.46796
     ],
     [
      133.05076,
      35.467974
     ],
     [
      133.050801,
      35.467989
     ],
     [
      133.050842,
      35.468003
     ],
     [
      133.050882,
      35.468018
     ],
     [
      133.050922,
      35.468032
     ],
     [
      133.050963,
      35.468046
     ],
     [
      133.051003,
      35.46806
     ],
     [
      133.051044,
      35.468074
     ],
     [
      133.051085,
      35.468088
     ],
     [
      133.051125,
      35.468101
     ],
     [
      133.051167,
      35.468114
     ],
     [
      133.051209,
      35.468125
     ],
     [
      133.051251,
      35.468136
     ],
     [
      133.051294,
      35.468145
     ],
     [
      133.051337,
      35.468151
     ],
     [
      133.051381,
      35.468155
     ],
     [
      133.051425,
      35.468156
     ],
     [
      133.05147,
      35.468152
     ],
     [
      133.051513,
      35.468145
     ],
     [
      133.051553,
      35.468132
     ],
     [
      133.051593,
      35.468115
     ],
     [
      133.051628,
      35.468093
     ],
     [
      133.051659,
      35.468069
     ],
     [
      133.051688,
      35.46804
     ],
     [
      133.051711,
      35.46801
     ],
     [
      133.051733,
      35.467979
     ],
     [
      133.051751,
      35.467946
     ],
     [
      133.051768,
      35.467913
     ],
     [
      133.051785,
      35.46788
     ],
     [
      133.0518,
      35.467846
     ],
     [
      133.051817,
      35.467812
     ],
     [
      133.051833,
      35.467779
     ],
     [
      133.05185,
      35.467745
     ],
     [
      133.051868,
      35.467712
     ],
     [
      133.051884,
      35.467679
     ],
     [
      133.0519,
      35.467645
     ],
     [
      133.051915,
      35.467611
     ],
     [
      133.051931,
      35.467578
     ],
     [
      133.051945,
      35.467544
     ],
     [
      133.051958,
      35.467509
     ],
     [
      133.051971,
      35.467474
     ],
     [
      133.051983,
      35.46744
     ],
     [
      133.051996,
      35.467406
     ],
     [
      133.052008,
      35.467371
     ],
     [
      133.05202,
      35.467336
     ],
     [
      133.052032,
      35.467301
     ],
     [
      133.052045,
      35.467267
     ],
     [
      133.052057,
      35.467233
     ],
     [
      133.05207,
      35.467197
     ],
     [
      133.052082,
      35.467163
     ],
     [
      133.052094,
      35.467128
     ],
     [
      133.052106,
      35.467094
     ],
     [
      133.052117,
      35.467059
     ],
     [
      133.052129,
      35.467024
     ],
     [
      133.052141,
      35.466989
     ],
     [
      133.052152,
      35.466955
     ],
     [
      133.052164,
      35.46692
     ],
     [
      133.052177,
      35.466886
     ],
     [
      133.052189,
      35.46685
     ],
     [
      133.052201,
      35.466816
     ],
     [
      133.052213,
      35.466781
     ],
     [
      133.052225,
      35.466747
     ],
     [
      133.052237,
      35.466712
     ],
     [
      133.052249,
      35.466677
     ],
     [
      133.052261,
      35.466642
     ],
     [
      133.052274,
      35.466608
     ],
     [
      133.052286,
      35.466573
     ],
     [
      133.052298,
      35.466539
     ],
     [
      133.05231,
      35.466503
     ],
     [
      133.052322,
      35.466469
     ],
     [
      133.052334,
      35.466435
     ],
     [
      133.052346,
      35.4664
     ],
     [
      133.052358,
      35.466366
     ],
     [
      133.052371,
      35.46633
     ],
     [
      133.052383,
      35.466296
     ],
     [
      133.052394,
      35.466261
     ],
     [
      133.052406,
      35.466227
     ],
     [
      133.052418,
      35.466192
     ],
     [
      133.05243,
      35.466156
     ],
     [
      133.052441,
      35.466122
     ],
     [
      133.052454,
      35.466088
     ],
     [
      133.052467,
      35.466053
     ],
     [
      133.052479,
      35.466019
     ],
     [
      133.052491,
      35.465983
     ],
     [
      133.052503,
      35.465949
     ],
     [
      133.052515,
      35.465914
     ],
     [
      133.052527,
      35.46588
     ],
     [
      133.052539,
      35.465845
     ],
     [
      133.05255,
      35.46581
     ],
     [
      133.052563,
      35.465775
     ],
     [
      133.052575,
      35.465741
     ],
     [
      133.052587,
      35.465707
     ],
     [
      133.0526,
      35.465672
     ],
     [
      133.052612,
      35.465637
     ],
     [
      133.052624,
      35.465602
     ],
     [
      133.052636,
      35.465568
     ],
     [
      133.052649,
      35.465533
     ],
     [
      133.052661,
      35.465499
     ],
     [
      133.052673,
      35.465463
     ],
     [
      133.052684,
      35.465429
     ],
     [
      133.052696,
      35.465394
     ],
     [
      133.052709,
      35.46536
     ],
     [
      133.052721,
      35.465325
     ],
     [
      133.052733,
      35.46529
     ],
     [
      133.052747,
      35.465256
     ],
     [
      133.052759,
      35.465222
     ],
     [
      133.052772,
      35.465187
     ],
     [
      133.052784,
      35.465152
     ],
     [
      133.052797,
      35.465118
     ],
     [
      133.05281,
      35.465083
     ],
     [
      133.052822,
      35.465049
     ],
     [
      133.052835,
      35.465015
     ],
     [
      133.052847,
      35.464979
     ],
     [
      133.052859,
      35.464945
     ],
     [
      133.052872,
      35.46491
     ],
     [
      133.052885,
      35.464876
     ],
     [
      133.052897,
      35.464841
     ],
     [
      133.052909,
      35.464806
     ],
     [
      133.052922,
      35.464772
     ],
     [
      133.052934,
      35.464738
     ],
     [
      133.052947,
      35.464703
     ],
     [
      133.05296,
      35.464668
     ],
     [
      133.052973,
      35.464634
     ],
     [
      133.052985,
      35.464599
     ],
     [
      133.052997,
      35.464565
     ],
     [
      133.05301,
      35.464531
     ],
     [
      133.053021,
      35.464495
     ],
     [
      133.053033,
      35.464461
     ],
     [
      133.053045,
      35.464426
     ],
     [
      133.053056,
      35.464391
     ],
     [
      133.053067,
      35.464356
     ],
     [
      133.053078,
      35.464321
     ],
     [
      133.053088,
      35.464286
     ],
     [
      133.053099,
      35.464251
     ],
     [
      133.053108,
      35.464216
     ],
     [
      133.053118,
      35.464181
     ],
     [
      133.053128,
      35.464146
     ],
     [
      133.053138,
      35.464111
     ],
     [
      133.053148,
      35.464075
     ],
     [
      133.053157,
      35.46404
     ],
     [
      133.053167,
      35.464005
     ],
     [
      133.053176,
      35.46397
     ],
     [
      133.053185,
      35.463934
     ],
     [
      133.053193,
      35.463899
     ],
     [
      133.053201,
      35.463864
     ],
     [
      133.053209,
      35.463828
     ],
     [
      133.053217,
      35.463792
     ],
     [
      133.053223,
      35.463757
     ],
     [
      133.05323,
      35.463721
     ],
     [
      133.053236,
      35.463685
     ],
     [
      133.053243,
      35.46365
     ],
     [
      133.053249,
      35.463614
     ],
     [
      133.053255,
      35.463579
     ],
     [
      133.053262,
      35.463543
     ],
     [
      133.05327,
      35.463508
     ],
     [
      133.053278,
      35.463472
     ],
     [
      133.053288,
      35.463437
     ],
     [
      133.053302,
      35.463402
     ],
     [
      133.053316,
      35.463369
     ],
     [
      133.053333,
      35.463335
     ],
     [
      133.053352,
      35.463303
     ],
     [
      133.053371,
      35.46327
     ],
     [
      133.05339,
      35.463238
     ],
     [
      133.053407,
      35.463205
     ],
     [
      133.053424,
      35.463171
     ],
     [
      133.053437,
      35.463136
     ],
     [
      133.053448,
      35.463102
     ],
     [
      133.053457,
      35.463067
     ],
     [
      133.053465,
      35.463031
     ],
     [
      133.053472,
      35.462996
     ],
     [
      133.053478,
      35.46296
     ],
     [
      133.053485,
      35.462924
     ],
     [
      133.05349,
      35.462888
     ],
     [
      133.053496,
      35.462852
     ],
     [
      133.053501,
      35.462817
     ],
     [
      133.053507,
      35.462781
     ],
     [
      133.053512,
      35.462745
     ],
     [
      133.053518,
      35.462709
     ],
     [
      133.053522,
      35.462674
     ],
     [
      133.053528,
      35.462638
     ],
     [
      133.053533,
      35.462602
     ],
     [
      133.053539,
      35.462567
     ],
     [
      133.053545,
      35.462531
     ],
     [
      133.053551,
      35.462494
     ],
     [
      133.053557,
      35.462459
     ],
     [
      133.053564,
      35.462423
     ],
     [
      133.053571,
      35.462388
     ],
     [
      133.053577,
      35.462352
     ],
     [
      133.053585,
      35.462317
     ],
     [
      133.053593,
      35.462281
     ],
     [
      133.0536,
      35.462246
     ],
     [
      133.053608,
      35.462211
     ],
     [
      133.053616,
      35.462174
     ],
     [
      133.053624,
      35.462139
     ],
     [
      133.05363,
      35.462103
     ],
     [
      133.053638,
      35.462068
     ],
     [
      133.053646,
      35.462032
     ],
     [
      133.053652,
      35.461997
     ],
     [
      133.053659,
      35.461961
     ],
     [
      133.053665,
      35.461926
     ],
     [
      133.053672,
      35.46189
     ],
     [
      133.053679,
      35.461855
     ],
     [
      133.053685,
      35.461818
     ],
     [
      133.053692,
      35.461783
     ],
     [
      133.053697,
      35.461747
     ],
     [
      133.053704,
      35.461711
     ],
     [
      133.05371,
      35.461676
     ],
     [
      133.053716,
      35.46164
     ],
     [
      133.053722,
      35.461604
     ],
     [
      133.053727,
      35.461569
     ],
     [
      133.053732,
      35.461533
     ],
     [
      133.053737,
      35.461497
     ],
     [
      133.053743,
      35.461462
     ],
     [
      133.053749,
      35.461426
     ],
     [
      133.053755,
      35.461389
     ],
     [
      133.05376,
      35.461354
     ],
     [
      133.053767,
      35.461318
     ],
     [
      133.053772,
      35.461283
     ],
     [
      133.053779,
      35.461247
     ],
     [
      133.053785,
      35.461211
     ],
     [
      133.05379,
      35.461176
     ],
     [
      133.053796,
      35.46114
     ],
     [
      133.053801,
      35.461104
     ],
     [
      133.053807,
      35.461068
     ],
     [
      133.053811,
      35.461033
     ],
     [
      133.053815,
      35.460996
     ],
     [
      133.05382,
      35.46096
     ],
     [
      133.053824,
      35.460924
     ],
     [
      133.053828,
      35.460888
     ],
     [
      133.053831,
      35.460853
     ],
     [
      133.053834,
      35.460817
     ],
     [
      133.053836,
      35.460781
     ],
     [
      133.053838,
      35.460745
     ],
     [
      133.053839,
      35.460709
     ],
     [
      133.05384,
      35.460673
     ],
     [
      133.05384,
      35.460637
     ],
     [
      133.05384,
      35.460601
     ],
     [
      133.05384,
      35.460565
     ],
     [
      133.05384,
      35.460529
     ],
     [
      133.05384,
      35.460493
     ],
     [
      133.05384,
      35.460457
     ],
     [
      133.05384,
      35.460421
     ],
     [
      133.05384,
      35.460384
     ],
     [
      133.053839,
      35.460348
     ],
     [
      133.053838,
      35.460312
     ],
     [
      133.053836,
      35.460276
     ],
     [
      133.053834,
      35.46024
     ],
     [
      133.053831,
      35.460204
     ],
     [
      133.053828,
      35.460168
     ],
     [
      133.053822,
      35.460132
     ],
     [
      133.053817,
      35.460097
     ],
     [
      133.05381,
      35.460061
     ],
     [
      133.053802,
      35.460026
     ],
     [
      133.053795,
      35.45999
     ],
     [
      133.053786,
      35.459955
     ],
     [
      133.053776,
      35.459919
     ],
     [
      133.053765,
      35.459884
     ],
     [
      133.053754,
      35.45985
     ],
     [
      133.053742,
      35.459815
     ],
     [
      133.053728,
      35.459781
     ],
     [
      133.053714,
      35.459746
     ],
     [
      133.0537,
      35.459713
     ],
     [
      133.053684,
      35.459679
     ],
     [
      133.053669,
      35.459645
     ],
     [
      133.053653,
      35.459611
     ],
     [
      133.053638,
      35.459578
     ],
     [
      133.053622,
      35.459544
     ],
     [
      133.053608,
      35.459509
     ],
     [
      133.053594,
      35.459476
     ],
     [
      133.053578,
      35.459442
     ],
     [
      133.053563,
      35.459407
     ],
     [
      133.053547,
      35.459374
     ],
     [
      133.053531,
      35.459341
     ],
     [
      133.053514,
      35.459307
     ],
     [
      133.053496,
      35.459275
     ],
     [
      133.053476,
      35.459243
     ],
     [
      133.053455,
      35.459211
     ],
     [
      133.053432,
      35.45918
     ],
     [
      133.053404,
      35.459152
     ],
     [
      133.053374,
      35.459125
     ],
     [
      133.053341,
      35.459102
     ],
     [
      133.053304,
      35.459083
     ],
     [
      133.053263,
      35.459069
     ],
     [
      133.053221,
      35.459058
     ],
     [
      133.053178,
      35.459051
     ],
     [
      133.053134,
      35.459048
     ],
     [
      133.05309,
      35.459046
     ],
     [
      133.053046,
      35.459045
     ],
     [
      133.053002,
      35.459045
     ],
     [
      133.052957,
      35.459045
     ],
     [
      133.052913,
      35.459044
     ],
     [
      133.052869,
      35.459044
     ],
     [
      133.052825,
      35.459043
     ],
     [
      133.052781,
      35.459042
     ],
     [
      133.052737,
      35.45904
     ],
     [
      133.052693,
      35.459038
     ],
     [
      133.052649,
      35.459034
     ],
     [
      133.052606,
      35.459032
     ],
     [
      133.052561,
      35.459027
     ],
     [
      133.052517,
      35.459023
     ],
     [
      133.052474,
      35.459017
     ],
     [
      133.05243,
      35.459011
     ],
     [
      133.052387,
      35.459004
     ],
     [
      133.052344,
      35.458995
     ],
     [
      133.052302,
      35.458985
     ],
     [
      133.052259,
      35.458975
     ],
     [
      133.052217,
      35.458964
     ],
     [
      133.052177,
      35.458951
     ],
     [
      133.052135,
      35.45894
     ],
     [
      133.052094,
      35.458926
     ],
     [
      133.052053,
      35.458913
     ],
     [
      133.052012,
      35.458898
     ],
     [
      133.051971,
      35.458884
     ],
     [
      133.051932,
      35.458868
     ],
     [
      133.051892,
      35.458853
     ],
     [
      133.051852,
      35.458837
     ],
     [
      133.051814,
      35.458821
     ],
     [
      133.051774,
      35.458804
     ],
     [
      133.051735,
      35.458786
     ],
     [
      133.051697,
      35.458769
     ],
     [
      133.051658,
      35.458751
     ],
     [
      133.051621,
      35.458732
     ],
     [
      133.051583,
      35.458713
     ],
     [
      133.051547,
      35.458694
     ],
     [
      133.05151,
      35.458674
     ],
     [
      133.051474,
      35.458652
     ],
     [
      133.05144,
      35.458631
     ],
     [
      133.051404,
      35.458608
     ],
     [
      133.051371,
      35.458585
     ],
     [
      133.051338,
      35.45856
     ],
     [
      133.051305,
      35.458536
     ],
     [
      133.051273,
      35.458512
     ],
     [
      133.051242,
      35.458486
     ],
     [
      133.05121,
      35.458461
     ],
     [
      133.051181,
      35.458435
     ],
     [
      133.05115,
      35.458408
     ],
     [
      133.051121,
      35.458382
     ],
     [
      133.051091,
      35.458355
     ],
     [
      133.051064,
      35.458327
     ],
     [
      133.051035,
      35.458299
     ],
     [
      133.051009,
      35.458271
     ],
     [
      133.050981,
      35.458242
     ],
     [
      133.050956,
      35.458213
     ],
     [
      133.05093,
      35.458184
     ],
     [
      133.050905,
      35.458154
     ],
     [
      133.050881,
      35.458123
     ],
     [
      133.050857,
      35.458092
     ],
     [
      133.050835,
      35.458062
     ],
     [
      133.050813,
      35.45803
     ],
     [
      133.050792,
      35.457999
     ],
     [
      133.050772,
      35.457966
     ],
     [
      133.050753,
      35.457934
     ],
     [
      133.050734,
      35.457901
     ],
     [
      133.050715,
      35.457869
     ],
     [
      133.050696,
      35.457837
     ],
     [
      133.050679,
      35.457803
     ],
     [
      133.050661,
      35.457771
     ],
     [
      133.050643,
      35.457737
     ],
     [
      133.050626,
      35.457704
     ],
     [
      133.050609,
      35.457671
     ],
     [
      133.050593,
      35.457637
     ],
     [
      133.050576,
      35.457604
     ],
     [
      133.05056,
      35.457571
     ],
     [
      133.050544,
      35.457537
     ],
     [
      133.050528,
      35.457503
     ],
     [
      133.050511,
      35.45747
     ],
     [
      133.050496,
      35.457436
     ],
     [
      133.050479,
      35.457403
     ],
     [
      133.050464,
      35.457369
     ],
     [
      133.050447,
      35.457335
     ],
     [
      133.050432,
      35.457302
     ],
     [
      133.050416,
      35.457268
     ],
     [
      133.0504,
      35.457234
     ],
     [
      133.050384,
      35.457201
     ],
     [
      133.050368,
      35.457167
     ],
     [
      133.050352,
      35.457133
     ],
     [
      133.050337,
      35.4571
     ],
     [
      133.05032,
      35.457066
     ],
     [
      133.050305,
      35.457033
     ],
     [
      133.050289,
      35.456999
     ],
     [
      133.050273,
      35.456965
     ],
     [
      133.050257,
      35.456932
     ],
     [
      133.050242,
      35.456898
     ],
     [
      133.050225,
      35.456864
     ],
     [
      133.05021,
      35.456831
     ],
     [
      133.050193,
      35.456797
     ],
     [
      133.050178,
      35.456763
     ],
     [
      133.050163,
      35.45673
     ],
     [
      133.050146,
      35.456696
     ],
     [
      133.050131,
      35.456662
     ],
     [
      133.050115,
      35.456629
     ],
     [
      133.050099,
      35.456595
     ],
     [
      133.050083,
      35.456561
     ],
     [
      133.050068,
      35.456528
     ],
     [
      133.050051,
      35.456494
     ],
     [
      133.050035,
      35.456461
     ],
     [
      133.050019,
      35.456427
     ],
     [
      133.050003,
      35.456394
     ],
     [
      133.049986,
      35.45636
     ],
     [
      133.049971,
      35.456327
     ],
     [
      133.049954,
      35.456293
     ],
     [
      133.049938,
      35.456259
     ],
     [
      133.049921,
      35.456226
     ],
     [
      133.049906,
      35.456193
     ],
     [
      133.049889,
      35.456159
     ],
     [
      133.049872,
      35.456126
     ],
     [
      133.049857,
      35.456092
     ],
     [
      133.04984,
      35.456058
     ],
     [
      133.049825,
      35.456025
     ],
     [
      133.049809,
      35.455992
     ],
     [
      133.049792,
      35.455957
     ],
     [
      133.049777,
      35.455924
     ],
     [
      133.04976,
      35.455891
     ],
     [
      133.049745,
      35.455857
     ],
     [
      133.049728,
      35.455823
     ],
     [
      133.049711,
      35.45579
     ],
     [
      133.049696,
      35.455756
     ],
     [
      133.049681,
      35.455723
     ],
     [
      133.049664,
      35.455689
     ],
     [
      133.049649,
      35.455655
     ],
     [
      133.049633,
      35.455621
     ],
     [
      133.049619,
      35.455588
     ],
     [
      133.049603,
      35.455553
     ],
     [
      133.049588,
      35.455519
     ],
     [
      133.049574,
      35.455486
     ],
     [
      133.049559,
      35.455452
     ],
     [
      133.049544,
      35.455417
     ],
     [
      133.049529,
      35.455384
     ],
     [
      133.049514,
      35.45535
     ],
     [
      133.049499,
      35.455316
     ],
     [
      133.049484,
      35.455282
     ],
     [
      133.049468,
      35.455248
     ],
     [
      133.049452,
      35.455215
     ],
     [
      133.049437,
      35.455181
     ],
     [
      133.049421,
      35.455147
     ],
     [
      133.049406,
      35.455114
     ],
     [
      133.049392,
      35.455079
     ],
     [
      133.049377,
      35.455045
     ],
     [
      133.049362,
      35.455011
     ],
     [
      133.049349,
      35.454978
     ],
     [
      133.049334,
      35.454943
     ],
     [
      133.04932,
      35.454909
     ],
     [
      133.049307,
      35.454875
     ],
     [
      133.049292,
      35.454841
     ],
     [
      133.049278,
      35.454806
     ],
     [
      133.049264,
      35.454772
     ],
     [
      133.04925,
      35.454738
     ],
     [
      133.049236,
      35.454704
     ],
     [
      133.049222,
      35.454669
     ],
     [
      133.049207,
      35.454636
     ],
     [
      133.049193,
      35.454602
     ],
     [
      133.04918,
      35.454567
     ],
     [
      133.049165,
      35.454533
     ],
     [
      133.049152,
      35.454499
     ],
     [
      133.049138,
      35.454465
     ],
     [
      133.049124,
      35.45443
     ],
     [
      133.049109,
      35.454396
     ],
     [
      133.049095,
      35.454362
     ],
     [
      133.049081,
      35.454328
     ],
     [
      133.049067,
      35.454293
     ],
     [
      133.049053,
      35.454259
     ],
     [
      133.049039,
      35.454225
     ],
     [
      133.049025,
      35.454191
     ],
     [
      133.049011,
      35.454156
     ],
     [
      133.048998,
      35.454122
     ],
     [
      133.048984,
      35.454089
     ],
     [
      133.048969,
      35.454055
     ],
     [
      133.048955,
      35.45402
     ],
     [
      133.04894,
      35.453986
     ],
     [
      133.048926,
      35.453952
     ],
     [
      133.048912,
      35.453918
     ],
     [
      133.048899,
      35.453883
     ],
     [
      133.048884,
      35.453849
     ],
     [
      133.048871,
      35.453815
     ],
     [
      133.048857,
      35.453781
     ],
     [
      133.048843,
      35.453746
     ],
     [
      133.048829,
      35.453713
     ],
     [
      133.048815,
      35.453679
     ],
     [
      133.0488,
      35.453645
     ],
     [
      133.048786,
      35.45361
     ],
     [
      133.048772,
      35.453576
     ],
     [
      133.048759,
      35.453542
     ],
     [
      133.048745,
      35.453508
     ],
     [
      133.048734,
      35.453472
     ],
     [
      133.048725,
      35.453437
     ],
     [
      133.048721,
      35.453401
     ],
     [
      133.048722,
      35.453365
     ],
     [
      133.048732,
      35.45333
     ],
     [
      133.048751,
      35.453298
     ],
     [
      133.048779,
      35.45327
     ],
     [
      133.048814,
      35.453248
     ],
     [
      133.048852,
      35.453229
     ],
     [
      133.048892,
      35.453214
     ],
     [
      133.048932,
      35.453199
     ],
     [
      133.048974,
      35.453187
     ],
     [
      133.049014,
      35.453174
     ],
     [
      133.049056,
      35.453161
     ],
     [
      133.049097,
      35.453149
     ],
     [
      133.049139,
      35.453136
     ],
     [
      133.04918,
      35.453124
     ],
     [
      133.049221,
      35.45311
     ],
     [
      133.049263,
      35.453097
     ],
     [
      133.049303,
      35.453084
     ],
     [
      133.049344,
      35.453071
     ],
     [
      133.049385,
      35.453059
     ],
     [
      133.049427,
      35.453045
     ],
     [
      133.049468,
      35.453033
     ],
     [
      133.04951,
      35.45302
     ],
     [
      133.04955,
      35.453006
     ],
     [
      133.049591,
      35.452994
     ],
     [
      133.049633,
      35.452981
     ],
     [
      133.049674,
      35.452969
     ],
     [
      133.049716,
      35.452956
     ],
     [
      133.049757,
      35.452943
     ],
     [
      133.049797,
      35.45293
     ],
     [
      133.049839,
      35.452917
     ],
     [
      133.04988,
      35.452905
     ],
     [
      133.049922,
      35.452892
     ],
     [
      133.049963,
      35.452879
     ],
     [
      133.050005,
      35.452868
     ],
     [
      133.050048,
      35.45286
     ],
     [
      133.050092,
      35.452856
     ],
     [
      133.050136,
      35.452856
     ],
     [
      133.050179,
      35.452865
     ],
     [
      133.050218,
      35.452882
     ],
     [
      133.05025,
      35.452906
     ],
     [
      133.050277,
      35.452934
     ],
     [
      133.050299,
      35.452966
     ],
     [
      133.050319,
      35.452997
     ],
     [
      133.050337,
      35.453031
     ],
     [
      133.050353,
      35.453064
     ],
     [
      133.05037,
      35.453097
     ],
     [
      133.050385,
      35.453132
     ],
     [
      133.050401,
      35.453165
     ],
     [
      133.050416,
      35.453199
     ],
     [
      133.050432,
      35.453233
     ],
     [
      133.050447,
      35.453267
     ],
     [
      133.050461,
      35.4533
     ],
     [
      133.050477,
      35.453334
     ],
     [
      133.050491,
      35.453369
     ],
     [
      133.050507,
      35.453402
     ],
     [
      133.050522,
      35.453436
     ],
     [
      133.050536,
      35.45347
     ],
     [
      133.050552,
      35.453504
     ],
     [
      133.050567,
      35.453537
     ],
     [
      133.050583,
      35.453572
     ],
     [
      133.050599,
      35.453605
     ],
     [
      133.050615,
      35.453639
     ],
     [
      133.05063,
      35.453672
     ],
     [
      133.050646,
      35.453706
     ],
     [
      133.050661,
      35.45374
     ],
     [
      133.050677,
      35.453773
     ],
     [
      133.050692,
      35.453808
     ],
     [
      133.050709,
      35.453841
     ],
     [
      133.050727,
      35.453873
     ],
     [
      133.050748,
      35.453905
     ],
     [
      133.050774,
      35.453935
     ],
     [
      133.050803,
      35.453961
     ],
     [
      133.05084,
      35.453982
     ],
     [
      133.050882,
      35.453992
     ],
     [
      133.050926,
      35.453995
     ],
     [
      133.050969,
      35.453991
     ],
     [
      133.051012,
      35.453982
     ],
     [
      133.051054,
      35.453969
     ],
     [
      133.051095,
      35.453955
     ],
     [
      133.051134,
      35.453941
     ],
     [
      133.051176,
      35.453928
     ],
     [
      133.051218,
      35.453918
     ],
     [
      133.051261,
      35.453911
     ],
     [
      133.051305,
      35.453912
     ],
     [
      133.051346,
      35.453925
     ],
     [
      133.05138,
      35.453948
     ],
     [
      133.051402,
      35.453979
     ],
     [
      133.051417,
      35.454013
     ],
     [
      133.051423,
      35.454048
     ],
     [
      133.051427,
      35.454084
     ],
     [
      133.051425,
      35.45412
     ],
     [
      133.051423,
      35.454156
     ],
     [
      133.051419,
      35.454193
     ],
     [
      133.051414,
      35.454229
     ],
     [
      133.05141,
      35.454264
     ],
     [
      133.051406,
      35.4543
     ],
     [
      133.051402,
      35.454336
     ],
     [
      133.051399,
      35.454372
     ],
     [
      133.051397,
      35.454408
     ],
     [
      133.051397,
      35.454444
     ],
     [
      133.051398,
      35.45448
     ],
     [
      133.051401,
      35.454516
     ],
     [
      133.051406,
      35.454552
     ],
     [
      133.051412,
      35.454587
     ],
     [
      133.05142,
      35.454623
     ],
     [
      133.051429,
      35.454658
     ],
     [
      133.05144,
      35.454693
     ],
     [
      133.051451,
      35.454728
     ],
     [
      133.051464,
      35.454762
     ],
     [
      133.051477,
      35.454797
     ],
     [
      133.05149,
      35.454832
     ],
     [
      133.051505,
      35.454866
     ],
     [
      133.05152,
      35.454899
     ],
     [
      133.051536,
      35.454932
     ],
     [
      133.051552,
      35.454966
     ],
     [
      133.05157,
      35.454999
     ],
     [
      133.05159,
      35.455032
     ],
     [
      133.05161,
      35.455064
     ],
     [
      133.051632,
      35.455095
     ],
     [
      133.051655,
      35.455125
     ],
     [
      133.05168,
      35.455155
     ],
     [
      133.051706,
      35.455185
     ],
     [
      133.051733,
      35.455213
     ],
     [
      133.051762,
      35.45524
     ],
     [
      133.051792,
      35.455267
     ],
     [
      133.051822,
      35.455292
     ],
     [
      133.051856,
      35.455316
     ],
     [
      133.051889,
      35.455341
     ],
     [
      133.051923,
      35.455363
     ],
     [
      133.051958,
      35.455385
     ],
     [
      133.051993,
      35.455406
     ],
     [
      133.052031,
      35.455426
     ],
     [
      133.052067,
      35.455445
     ],
     [
      133.052106,
      35.455464
     ],
     [
      133.052143,
      35.455482
     ],
     [
      133.052182,
      35.4555
     ],
     [
      133.05222,
      35.455518
     ],
     [
      133.052258,
      35.455536
     ],
     [
      133.052297,
      35.455554
     ],
     [
      133.052334,
      35.455572
     ],
     [
      133.052372,
      35.455591
     ],
     [
      133.052409,
      35.455611
     ],
     [
      133.052446,
      35.455631
     ],
     [
      133.052482,
      35.455651
     ],
     [
      133.052518,
      35.455672
     ],
     [
      133.052553,
      35.455694
     ],
     [
      133.052588,
      35.455717
     ],
     [
      133.052622,
      35.455739
     ],
     [
      133.052655,
      35.455763
     ],
     [
      133.052688,
      35.455787
     ],
     [
      133.052721,
      35.45581
     ],
     [
      133.052754,
      35.455835
     ],
     [
      133.052786,
      35.455859
     ],
     [
      133.05282,
      35.455883
     ],
     [
      133.052853,
      35.455907
     ],
     [
      133.052886,
      35.45593
     ],
     [
      133.05292,
      35.455954
     ],
     [
      133.052953,
      35.455977
     ],
     [
      133.052987,
      35.456
     ],
     [
      133.053022,
      35.456022
     ],
     [
      133.053057,
      35.456045
     ],
     [
      133.053091,
      35.456067
     ],
     [
      133.053125,
      35.45609
     ],
     [
      133.053159,
      35.456113
     ],
     [
      133.053193,
      35.456136
     ],
     [
      133.053229,
      35.456158
     ],
     [
      133.053263,
      35.456181
     ],
     [
      133.053297,
      35.456203
     ],
     [
      133.053331,
      35.456226
     ],
     [
      133.053365,
      35.456248
     ],
     [
      133.0534,
      35.456271
     ],
     [
      133.053434,
      35.456294
     ],
     [
      133.053468,
      35.456317
     ],
     [
      133.053502,
      35.456339
     ],
     [
      133.053536,
      35.456362
     ],
     [
      133.053571,
      35.456384
     ],
     [
      133.053606,
      35.456407
     ],
     [
      133.05364,
      35.45643
     ],
     [
      133.053675,
      35.456452
     ],
     [
      133.053711,
      35.456474
     ],
     [
      133.053746,
      35.456495
     ],
     [
      133.053781,
      35.456516
     ],
     [
      133.053817,
      35.456538
     ],
     [
      133.053853,
      35.456558
     ],
     [
      133.053888,
      35.45658
     ],
     [
      133.053924,
      35.456602
     ],
     [
      133.053958,
      35.456624
     ],
     [
      133.053992,
      35.456647
     ],
     [
      133.054025,
      35.45667
     ],
     [
      133.054058,
      35.456695
     ],
     [
      133.054089,
      35.456721
     ],
     [
      133.054119,
      35.456747
     ],
     [
      133.054149,
      35.456774
     ],
     [
      133.054175,
      35.456803
     ],
     [
      133.054202,
      35.456832
     ],
     [
      133.054226,
      35.456861
     ],
     [
      133.05425,
      35.456892
     ],
     [
      133.054272,
      35.456923
     ],
     [
      133.054293,
      35.456954
     ],
     [
      133.054314,
      35.456987
     ],
     [
      133.054335,
      35.457018
     ],
     [
      133.054356,
      35.457051
     ],
     [
      133.054376,
      35.457082
     ],
     [
      133.054396,
      35.457115
     ],
     [
      133.054417,
      35.457146
     ],
     [
      133.054438,
      35.457178
     ],
     [
      133.054458,
      35.45721
     ],
     [
      133.054478,
      35.457242
     ],
     [
      133.054499,
      35.457273
     ],
     [
      133.05452,
      35.457306
     ],
     [
      133.05454,
      35.457337
     ],
     [
      133.054561,
      35.457369
     ],
     [
      133.054581,
      35.457401
     ],
     [
      133.054601,
      35.457434
     ],
     [
      133.054622,
      35.457465
     ],
     [
      133.054642,
      35.457498
     ],
     [
      133.054661,
      35.45753
     ],
     [
      133.054681,
      35.457562
     ],
     [
      133.054701,
      35.457594
     ],
     [
      133.054721,
      35.457626
     ],
     [
      133.054741,
      35.457658
     ],
     [
      133.054762,
      35.45769
     ],
     [
      133.054782,
      35.457722
     ],
     [
      133.054802,
      35.457754
     ],
     [
      133.054821,
      35.457787
     ],
     [
      133.054841,
      35.457819
     ],
     [
      133.05486,
      35.457851
     ],
     [
      133.05488,
      35.457883
     ],
     [
      133.0549,
      35.457916
     ],
     [
      133.05492,
      35.457948
     ],
     [
      133.054938,
      35.457981
     ],
     [
      133.054958,
      35.458013
     ],
     [
      133.054978,
      35.458046
     ],
     [
      133.054998,
      35.458077
     ],
     [
      133.055018,
      35.45811
     ],
     [
      133.055038,
      35.458142
     ],
     [
      133.055056,
      35.458174
     ],
     [
      133.055076,
      35.458207
     ],
     [
      133.055096,
      35.458238
     ],
     [
      133.055116,
      35.458271
     ],
     [
      133.055136,
      35.458303
     ],
     [
      133.055156,
      35.458336
     ],
     [
      133.055175,
      35.458367
     ],
     [
      133.055195,
      35.4584
     ],
     [
      133.055214,
      35.458432
     ],
     [
      133.055234,
      35.458465
     ],
     [
      133.055254,
      35.458497
     ],
     [
      133.055274,
      35.458529
     ],
     [
      133.055293,
      35.458561
     ],
     [
      133.055312,
      35.458594
     ],
     [
      133.055331,
      35.458626
     ],
     [
      133.05535,
      35.458659
     ],
     [
      133.055367,
      35.458692
     ],
     [
      133.055385,
      35.458725
     ],
     [
      133.055403,
      35.458759
     ],
     [
      133.055421,
      35.458791
     ],
     [
      133.055443,
      35.458823
     ],
     [
      133.055469,
      35.458851
     ],
     [
      133.055501,
      35.458877
     ],
     [
      133.055537,
      35.458897
     ],
     [
      133.055577,
      35.458912
     ],
     [
      133.055619,
      35.458923
     ],
     [
      133.055663,
      35.458929
     ],
     [
      133.055706,
      35.458932
     ],
     [
      133.05575,
      35.458935
     ],
     [
      133.055794,
      35.458936
     ],
     [
      133.055838,
      35.458937
     ],
     [
      133.055882,
      35.458937
     ],
     [
      133.055926,
      35.458937
     ],
     [
      133.055971,
      35.458937
     ],
     [
      133.056015,
      35.458937
     ],
     [
      133.056059,
      35.458937
     ],
     [
      133.056103,
      35.458937
     ],
     [
      133.056147,
      35.458937
     ],
     [
      133.056191,
      35.458936
     ],
     [
      133.056235,
      35.458935
     ],
     [
      133.056279,
      35.458934
     ],
     [
      133.056324,
      35.458932
     ],
     [
      133.056368,
      35.45893
     ],
     [
      133.056412,
      35.458928
     ],
     [
      133.056456,
      35.458925
     ],
     [
      133.0565,
      35.458923
     ],
     [
      133.056544,
      35.458922
     ],
     [
      133.056588,
      35.458921
     ],
     [
      133.056632,
      35.45892
     ],
     [
      133.056676,
      35.45892
     ],
     [
      133.056721,
      35.458922
     ],
     [
      133.056765,
      35.458924
     ],
     [
      133.056808,
      35.458931
     ],
     [
      133.056851,
      35.45894
     ],
     [
      133.05689,
      35.458955
     ],
     [
      133.056927,
      35.458976
     ],
     [
      133.056957,
      35.459002
     ],
     [
      133.05698,
      35.459033
     ],
     [
      133.056997,
      35.459065
     ],
     [
      133.05701,
      35.4591
     ],
     [
      133.057017,
      35.459135
     ],
     [
      133.057024,
      35.459171
     ],
     [
      133.057028,
      35.459207
     ],
     [
      133.057032,
      35.459243
     ],
     [
      133.057035,
      35.459279
     ],
     [
      133.057038,
      35.459315
     ],
     [
      133.057042,
      35.459351
     ],
     [
      133.057044,
      35.459387
     ],
     [
      133.057047,
      35.459423
     ],
     [
      133.05705,
      35.459459
     ],
     [
      133.057053,
      35.459495
     ],
     [
      133.057055,
      35.459531
     ],
     [
      133.057058,
      35.459567
     ],
     [
      133.05706,
      35.459603
     ],
     [
      133.057063,
      35.459639
     ],
     [
      133.057065,
      35.459674
     ],
     [
      133.057068,
      35.45971
     ],
     [
      133.05707,
      35.459746
     ],
     [
      133.057074,
      35.459782
     ],
     [
      133.057076,
      35.459818
     ],
     [
      133.057079,
      35.459855
     ],
     [
      133.057081,
      35.459891
     ],
     [
      133.057085,
      35.459927
     ],
     [
      133.057087,
      35.459963
     ],
     [
      133.05709,
      35.459999
     ],
     [
      133.057092,
      35.460035
     ],
     [
      133.057096,
      35.460071
     ],
     [
      133.0571,
      35.460106
     ],
     [
      133.057103,
      35.460142
     ],
     [
      133.057107,
      35.460178
     ],
     [
      133.05711,
      35.460214
     ],
     [
      133.057114,
      35.46025
     ],
     [
      133.057118,
      35.460286
     ],
     [
      133.05712,
      35.460322
     ],
     [
      133.057123,
      35.460358
     ],
     [
      133.057126,
      35.460394
     ],
     [
      133.057129,
      35.46043
     ],
     [
      133.057132,
      35.460466
     ],
     [
      133.057135,
      35.460502
     ],
     [
      133.057138,
      35.460538
     ],
     [
      133.057141,
      35.460574
     ],
     [
      133.057143,
      35.46061
     ],
     [
      133.057146,
      35.460646
     ],
     [
      133.057149,
      35.460682
     ],
     [
      133.057151,
      35.460718
     ],
     [
      133.057153,
      35.460754
     ],
     [
      133.057156,
      35.46079
     ],
     [
      133.057158,
      35.460826
     ],
     [
      133.057162,
      35.460862
     ],
     [
      133.057164,
      35.460897
     ],
     [
      133.057165,
      35.460933
     ],
     [
      133.057166,
      35.460969
     ],
     [
      133.057165,
      35.461005
     ],
     [
      133.057163,
      35.461042
     ],
     [
      133.05716,
      35.461078
     ],
     [
      133.057154,
      35.461114
     ],
     [
      133.057149,
      35.46115
     ],
     [
      133.057142,
      35.461185
     ],
     [
      133.057135,
      35.461221
     ],
     [
      133.05713,
      35.461256
     ],
     [
      133.057126,
      35.461292
     ],
     [
      133.057125,
      35.461328
     ],
     [
      133.057129,
      35.461364
     ],
     [
      133.057136,
      35.4614
     ],
     [
      133.057146,
      35.461435
     ],
     [
      133.05716,
      35.46147
     ],
     [
      133.057175,
      35.461503
     ],
     [
      133.05719,
      35.461537
     ],
     [
      133.057206,
      35.461571
     ],
     [
      133.05722,
      35.461605
     ],
     [
      133.057232,
      35.461639
     ],
     [
      133.057241,
      35.461674
     ],
     [
      133.057248,
      35.46171
     ],
     [
      133.057251,
      35.461746
     ],
     [
      133.057252,
      35.461782
     ],
     [
      133.05725,
      35.461818
     ],
     [
      133.057247,
      35.461855
     ],
     [
      133.057242,
      35.46189
     ],
     [
      133.057237,
      35.461926
     ],
     [
      133.057231,
      35.461962
     ],
     [
      133.057226,
      35.461997
     ],
     [
      133.057219,
      35.462033
     ],
     [
      133.057215,
      35.462069
     ],
     [
      133.057209,
      35.462105
     ],
     [
      133.057204,
      35.46214
     ],
     [
      133.057198,
      35.462176
     ],
     [
      133.057193,
      35.462212
     ],
     [
      133.057187,
      35.462247
     ],
     [
      133.057181,
      35.462284
     ],
     [
      133.057175,
      35.46232
     ],
     [
      133.057168,
      35.462355
     ],
     [
      133.057163,
      35.462391
     ],
     [
      133.057156,
      35.462426
     ],
     [
      133.057151,
      35.462462
     ],
     [
      133.057144,
      35.462498
     ],
     [
      133.057139,
      35.462533
     ],
     [
      133.057132,
      35.462569
     ],
     [
      133.057126,
      35.462605
     ],
     [
      133.057121,
      35.46264
     ],
     [
      133.057114,
      35.462677
     ],
     [
      133.057109,
      35.462712
     ],
     [
      133.057103,
      35.462748
     ],
     [
      133.057097,
      35.462784
     ],
     [
      133.05709,
      35.462819
     ],
     [
      133.057085,
      35.462855
     ],
     [
      133.057078,
      35.46289
     ],
     [
      133.057071,
      35.462926
     ],
     [
      133.057064,
      35.462961
     ],
     [
      133.057057,
      35.462997
     ],
     [
      133.05705,
      35.463033
     ],
     [
      133.057044,
      35.463069
     ],
     [
      133.057036,
      35.463105
     ],
     [
      133.057029,
      35.46314
     ],
     [
      133.057023,
      35.463176
     ],
     [
      133.057016,
      35.463211
     ],
     [
      133.05701,
      35.463247
     ],
     [
      133.057003,
      35.463282
     ],
     [
      133.056997,
      35.463318
     ],
     [
      133.056991,
      35.463353
     ],
     [
      133.056984,
      35.463389
     ],
     [
      133.056979,
      35.463426
     ],
     [
      133.056972,
      35.463461
     ],
     [
      133.056965,
      35.463497
     ],
     [
      133.056959,
      35.463532
     ],
     [
      133.056951,
      35.463568
     ],
     [
      133.056945,
      35.463603
     ],
     [
      133.056938,
      35.463639
     ],
     [
      133.05693,
      35.463674
     ],
     [
      133.056924,
      35.46371
     ],
     [
      133.056918,
      35.463745
     ],
     [
      133.056913,
      35.463782
     ],
     [
      133.05691,
      35.463818
     ],
     [
      133.056913,
      35.463854
     ],
     [
      133.05692,
      35.463889
     ],
     [
      133.056935,
      35.463923
     ],
     [
      133.056957,
      35.463954
     ],
     [
      133.056988,
      35.463981
     ],
     [
      133.057023,
      35.464001
     ],
     [
      133.057063,
      35.464017
     ],
     [
      133.057104,
      35.464028
     ],
     [
      133.057147,
      35.464036
     ],
     [
      133.05719,
      35.464042
     ],
     [
      133.057235,
      35.464046
     ],
     [
      133.057279,
      35.464048
     ],
     [
      133.057323,
      35.464051
     ],
     [
      133.057367,
      35.464054
     ],
     [
      133.057411,
      35.464056
     ],
     [
      133.057455,
      35.464057
     ],
     [
      133.057499,
      35.464059
     ],
     [
      133.057543,
      35.464061
     ],
     [
      133.057588,
      35.464064
     ],
     [
      133.057632,
      35.464065
     ],
     [
      133.057675,
      35.464068
     ],
     [
      133.057719,
      35.46407
     ],
     [
      133.057763,
      35.464073
     ],
     [
      133.057807,
      35.464074
     ],
     [
      133.057851,
      35.464076
     ],
     [
      133.057895,
      35.464078
     ],
     [
      133.057939,
      35.464081
     ],
     [
      133.057983,
      35.464083
     ],
     [
      133.058028,
      35.464086
     ],
     [
      133.058072,
      35.46409
     ],
     [
      133.058115,
      35.464093
     ],
     [
      133.058159,
      35.464097
     ],
     [
      133.058203,
      35.464101
     ],
     [
      133.058247,
      35.464105
     ],
     [
      133.05829,
      35.46411
     ],
     [
      133.058334,
      35.464113
     ],
     [
      133.058378,
      35.464118
     ],
     [
      133.058422,
      35.464122
     ],
     [
      133.058465,
      35.464127
     ],
     [
      133.05851,
      35.464132
     ],
     [
      133.058553,
      35.464137
     ],
     [
      133.058597,
      35.464142
     ],
     [
      133.058641,
      35.464147
     ],
     [
      133.058684,
      35.464153
     ],
     [
      133.058728,
      35.464159
     ],
     [
      133.058771,
      35.464165
     ],
     [
      133.058814,
      35.464171
     ],
     [
      133.058858,
      35.464177
     ],
     [
      133.058901,
      35.464183
     ],
     [
      133.058945,
      35.464189
     ],
     [
      133.058988,
      35.464195
     ],
     [
      133.059031,
      35.464202
     ],
     [
      133.059075,
      35.464209
     ],
     [
      133.059118,
      35.464215
     ],
     [
      133.059163,
      35.464221
     ],
     [
      133.059206,
      35.464228
     ],
     [
      133.059249,
      35.464235
     ],
     [
      133.059292,
      35.464241
     ],
     [
      133.059336,
      35.464248
     ],
     [
      133.059379,
      35.464256
     ],
     [
      133.059422,
      35.464262
     ],
     [
      133.059465,
      35.464269
     ],
     [
      133.059509,
      35.464276
     ],
     [
      133.059552,
      35.464283
     ],
     [
      133.059595,
      35.464289
     ],
     [
      133.059639,
      35.464295
     ],
     [
      133.059682,
      35.464302
     ],
     [
      133.059726,
      35.464307
     ],
     [
      133.059769,
      35.464313
     ],
     [
      133.059813,
      35.464319
     ],
     [
      133.059856,
      35.464323
     ],
     [
      133.0599,
      35.464329
     ],
     [
      133.059944,
      35.464334
     ],
     [
      133.059988,
      35.464339
     ],
     [
      133.060032,
      35.464344
     ],
     [
      133.060075,
      35.464349
     ],
     [
      133.060119,
      35.464354
     ],
     [
      133.060163,
      35.464359
     ],
     [
      133.060206,
      35.464365
     ],
     [
      133.06025,
      35.464369
     ],
     [
      133.060293,
      35.464375
     ],
     [
      133.060337,
      35.46438
     ],
     [
      133.06038,
      35.464385
     ],
     [
      133.060424,
      35.464391
     ],
     [
      133.060467,
      35.464396
     ],
     [
      133.060511,
      35.464402
     ],
     [
      133.060554,
      35.464408
     ],
     [
      133.060599,
      35.464413
     ],
     [
      133.060642,
      35.464419
     ],
     [
      133.060686,
      35.464424
     ],
     [
      133.06073,
      35.46443
     ],
     [
      133.060773,
      35.464435
     ],
     [
      133.060817,
      35.46444
     ],
     [
      133.06086,
      35.464446
     ],
     [
      133.060904,
      35.464451
     ],
     [
      133.060947,
      35.464456
     ],
     [
      133.060991,
      35.464461
     ],
     [
      133.061035,
      35.464467
     ],
     [
      133.061078,
      35.464471
     ],
     [
      133.061122,
      35.464476
     ],
     [
      133.061165,
      35.464482
     ],
     [
      133.06121,
      35.464487
     ],
     [
      133.061254,
      35.464492
     ],
     [
      133.061297,
      35.464498
     ],
     [
      133.06134,
      35.464504
     ],
     [
      133.061384,
      35.464511
     ],
     [
      133.061427,
      35.464518
     ],
     [
      133.06147,
      35.464525
     ],
     [
      133.061513,
      35.464533
     ],
     [
      133.061556,
      35.464541
     ],
     [
      133.061599,
      35.464549
     ],
     [
      133.061642,
      35.464556
     ],
     [
      133.061686,
      35.464563
     ],
     [
      133.061729,
      35.464569
     ],
     [
      133.061772,
      35.464576
     ],
     [
      133.061816,
      35.464582
     ],
     [
      133.061859,
      35.464588
     ],
     [
      133.061903,
      35.464594
     ],
     [
      133.061946,
      35.464598
     ],
     [
      133.06199,
      35.464604
     ],
     [
      133.062035,
      35.464607
     ],
     [
      133.062079,
      35.46461
     ],
     [
      133.062123,
      35.464613
     ],
     [
      133.062167,
      35.464613
     ],
     [
      133.062211,
      35.464614
     ],
     [
      133.062255,
      35.464615
     ],
     [
      133.062299,
      35.464616
     ],
     [
      133.062343,
      35.464617
     ],
     [
      133.062386,
      35.464619
     ],
     [
      133.062431,
      35.464622
     ],
     [
      133.062475,
      35.464625
     ],
     [
      133.062519,
      35.46463
     ],
     [
      133.062531,
      35.464631
     ]
    ]
   }
  },
  {
   "type": "Feature",
   "properties": {
    "name": "スタート / ゴール",
    "marker-color": "#ffd83d"
   },
   "geometry": {
    "type": "Point",
    "coordinates": [
     133.062531,
     35.464631
    ]
   }
  },
  {
   "type": "Feature",
   "properties": {
    "name": "松江駅",
    "marker-color": "#1d3557"
   },
   "geometry": {
    "type": "Point",
    "coordinates": [
     133.062531,
     35.464631
    ]
   }
  },
  {
   "type": "Feature",
   "properties": {
    "name": "くにびき大橋",
    "marker-color": "#1d3557"
   },
   "geometry": {
    "type": "Point",
    "coordinates": [
     133.065212,
     35.467504
    ]
   }
  },
  {
   "type": "Feature",
   "properties": {
    "name": "島根県庁",
    "marker-color": "#1d3557"
   },
   "geometry": {
    "type": "Point",
    "coordinates": [
     133.051978,
     35.472007
    ]
   }
  },
  {
   "type": "Feature",
   "properties": {
    "name": "松江城",
    "marker-color": "#1d3557"
   },
   "geometry": {
    "type": "Point",
    "coordinates": [
     133.054422,
     35.474386
    ]
   }
  },
  {
   "type": "Feature",
   "properties": {
    "name": "塩見縄手",
    "marker-color": "#1d3557"
   },
   "geometry": {
    "type": "Point",
    "coordinates": [
     133.048997,
     35.479086
    ]
   }
  },
  {
   "type": "Feature",
   "properties": {
    "name": "松江市役所",
    "marker-color": "#1d3557"
   },
   "geometry": {
    "type": "Point",
    "coordinates": [
     133.048274,
     35.467159
    ]
   }
  },
  {
   "type": "Feature",
   "properties": {
    "name": "宍道湖大橋",
    "marker-color": "#1d3557"
   },
   "geometry": {
    "type": "Point",
    "coordinates": [
     133.052243,
     35.466695
    ]
   }
  },
  {
   "type": "Feature",
   "properties": {
    "name": "宍道湖夕日スポット",
    "marker-color": "#1d3557"
   },
   "geometry": {
    "type": "Point",
    "coordinates": [
     133.049809,
     35.455992
    ]
   }
  }
 ]
}